pid,pCR,n_xy,n_z,n_times,pre,post_early,post_late,slice_thick,xy_spacing,mask_start,mask_end,sraw,eraw,scol,ecol,tum_vol,age,menopause,race_white,race_black,HR,HER2,HR_HER2_STATUS,TripleNeg,HER2pos,HRposHER2neg,dataset,test,split
ISPY1_1001,0,256.0,60.0,3.0,0.0,1.0,2.0,2.0,0.78125,12.0,38.0,110.0,192.0,59.0,144.0,21.156005859375,38.73,,1.0,0.0,1.0,0.0,HRposHER2neg,0.0,0.0,1.0,spy1,0,train
ISPY1_1002,0,256.0,60.0,3.0,0.0,1.0,2.0,2.0,0.78125,10.0,28.0,121.0,163.0,101.0,144.0,5.31005859375,37.79,,1.0,0.0,1.0,0.0,HRposHER2neg,0.0,0.0,1.0,spy1,0,train
ISPY1_1003,0,256.0,60.0,3.0,0.0,1.0,2.0,2.0,0.78125,14.0,36.0,136.0,199.0,29.0,113.0,13.092041015625,49.83,,1.0,0.0,1.0,0.0,HRposHER2neg,0.0,0.0,1.0,spy1,0,train
ISPY1_1004,0,256.0,60.0,3.0,0.0,1.0,2.0,1.5,0.703125,8.0,49.0,25.0,198.0,81.0,181.0,42.75785522460937,48.28,,1.0,0.0,0.0,0.0,TripleNeg,1.0,0.0,0.0,spy1,1,test
ISPY1_1005,0,256.0,60.0,3.0,0.0,1.0,2.0,1.8,0.703125,5.0,44.0,17.0,139.0,74.0,190.0,36.43398193359375,45.8,,1.0,0.0,1.0,0.0,HRposHER2neg,0.0,0.0,1.0,spy1,0,train
ISPY1_1007,0,256.0,64.0,3.0,0.0,1.0,2.0,2.25,0.703125,20.0,40.0,47.0,118.0,109.0,179.0,6.508451843261719,46.38,,1.0,0.0,1.0,0.0,HRposHER2neg,0.0,0.0,1.0,spy1,0,train
ISPY1_1008,0,256.0,56.0,3.0,0.0,1.0,2.0,2.0,0.78125,15.0,39.0,114.0,176.0,51.0,124.0,3.2080078125,64.51,,1.0,0.0,1.0,0.0,HRposHER2neg,0.0,0.0,1.0,spy1,0,train
ISPY1_1011,1,256.0,60.0,3.0,0.0,1.0,2.0,2.0,0.820312,17.0,39.0,126.0,162.0,35.0,122.0,4.075153723595265,40.82,,0.0,0.0,0.0,0.0,TripleNeg,1.0,0.0,0.0,spy1,0,train
ISPY1_1012,0,256.0,60.0,3.0,0.0,1.0,2.0,2.1,0.859375,5.0,50.0,90.0,169.0,51.0,122.0,48.48278869628906,53.78,,0.0,1.0,1.0,0.0,HRposHER2neg,0.0,0.0,1.0,spy1,0,train
ISPY1_1013,0,256.0,60.0,3.0,0.0,1.0,2.0,2.0,0.78125,21.0,48.0,91.0,171.0,28.0,128.0,6.3037109375,49.36,,1.0,0.0,1.0,0.0,HRposHER2neg,0.0,0.0,1.0,spy1,1,test
ISPY1_1017,0,256.0,60.0,3.0,0.0,1.0,2.0,2.0,0.78125,17.0,50.0,94.0,172.0,40.0,113.0,16.60888671875,68.31,,1.0,0.0,0.0,0.0,TripleNeg,1.0,0.0,0.0,spy1,1,test
ISPY1_1021,1,256.0,60.0,3.0,0.0,1.0,2.0,2.0,0.78125,7.0,52.0,96.0,224.0,63.0,140.0,47.730712890625,48.43,,1.0,0.0,1.0,1.0,HER2pos,0.0,1.0,0.0,spy1,1,test
ISPY1_1025,0,256.0,60.0,3.0,0.0,1.0,2.0,2.3,0.78125,22.0,44.0,122.0,176.0,75.0,130.0,12.798522949218748,52.35,,1.0,0.0,1.0,0.0,HRposHER2neg,0.0,0.0,1.0,spy1,0,train
ISPY1_1027,0,256.0,56.0,3.0,0.0,1.0,2.0,2.5,0.703125,24.0,42.0,127.0,196.0,79.0,149.0,20.110336303710938,38.22,,0.0,1.0,0.0,0.0,TripleNeg,1.0,0.0,0.0,spy1,0,train
ISPY1_1029,0,256.0,60.0,3.0,0.0,1.0,2.0,2.3,0.78125,9.0,28.0,144.0,194.0,63.0,146.0,8.580078124999998,63.63,,1.0,0.0,1.0,1.0,HER2pos,0.0,1.0,0.0,spy1,0,train
ISPY1_1030,1,256.0,60.0,3.0,0.0,1.0,2.0,2.0,0.78125,21.0,49.0,135.0,195.0,65.0,120.0,8.861083984375,52.46,,0.0,0.0,0.0,1.0,HER2pos,0.0,1.0,0.0,spy1,1,test
ISPY1_1031,0,256.0,60.0,3.0,0.0,1.0,2.0,2.0,0.78125,2.0,30.0,124.0,190.0,102.0,170.0,18.20068359375,54.16,,1.0,0.0,1.0,0.0,HRposHER2neg,0.0,0.0,1.0,spy1,0,train
ISPY1_1034,0,256.0,60.0,4.0,0.0,2.0,3.0,1.5,0.703125,13.0,44.0,81.0,182.0,88.0,168.0,27.442803955078126,46.57,,1.0,0.0,0.0,0.0,TripleNeg,1.0,0.0,0.0,spy1,0,train
ISPY1_1035,0,256.0,60.0,4.0,0.0,2.0,3.0,2.0,0.78125,3.0,58.0,55.0,205.0,66.0,184.0,63.416748046875,40.82,,1.0,0.0,1.0,1.0,HER2pos,0.0,1.0,0.0,spy1,0,train
ISPY1_1036,0,256.0,60.0,3.0,0.0,1.0,2.0,2.5,0.78125,3.0,44.0,75.0,200.0,30.0,171.0,31.768798828125,38.27,,1.0,0.0,0.0,1.0,HER2pos,0.0,1.0,0.0,spy1,0,train
ISPY1_1037,0,256.0,56.0,4.0,0.0,2.0,3.0,2.5,0.859375,24.0,49.0,69.0,169.0,32.0,148.0,78.39631652832031,51.14,,1.0,0.0,0.0,0.0,TripleNeg,1.0,0.0,0.0,spy1,0,train
ISPY1_1038,0,256.0,60.0,4.0,0.0,2.0,3.0,2.5,0.859375,14.0,28.0,161.0,198.0,117.0,155.0,12.122894287109377,37.81,,0.0,1.0,0.0,0.0,TripleNeg,1.0,0.0,0.0,spy1,0,train
ISPY1_1040,0,256.0,64.0,3.0,0.0,1.0,2.0,2.03125,0.625,15.0,48.0,39.0,157.0,83.0,180.0,41.77789306640625,56.46,,1.0,0.0,0.0,0.0,TripleNeg,1.0,0.0,0.0,spy1,0,train
ISPY1_1053,0,256.0,64.0,3.0,0.0,1.0,2.0,2.0625,0.78125,18.0,26.0,93.0,126.0,91.0,121.0,1.7447662353515625,62.4,,1.0,0.0,1.0,0.0,HRposHER2neg,0.0,0.0,1.0,spy1,0,train
ISPY1_1054,0,256.0,60.0,3.0,0.0,1.0,2.0,2.5,0.703125,6.0,43.0,83.0,179.0,30.0,156.0,38.1170654296875,42.76,,0.0,1.0,0.0,0.0,TripleNeg,1.0,0.0,0.0,spy1,0,train
ISPY1_1056,0,256.0,60.0,3.0,0.0,1.0,2.0,2.2,0.78125,11.0,50.0,77.0,157.0,31.0,171.0,54.53808593750001,35.37,,1.0,0.0,0.0,1.0,HER2pos,0.0,1.0,0.0,spy1,0,train
ISPY1_1058,1,256.0,56.0,3.0,0.0,1.0,2.0,2.5,0.703125,21.0,33.0,60.0,95.0,105.0,144.0,5.696548461914063,54.72,,1.0,0.0,0.0,0.0,TripleNeg,1.0,0.0,0.0,spy1,1,test
ISPY1_1060,0,256.0,70.0,6.0,0.0,2.0,5.0,3.0,0.703125,7.0,62.0,128.0,201.0,71.0,158.0,93.53512573242188,67.18,,0.0,1.0,1.0,0.0,HRposHER2neg,0.0,0.0,1.0,spy1,0,train
ISPY1_1061,0,256.0,60.0,3.0,0.0,1.0,2.0,2.0,0.820312,13.0,36.0,122.0,194.0,58.0,131.0,21.192683515671938,54.19,,1.0,0.0,0.0,1.0,HER2pos,0.0,1.0,0.0,spy1,0,train
ISPY1_1062,0,256.0,60.0,3.0,0.0,1.0,2.0,2.0,0.78125,8.0,50.0,71.0,196.0,70.0,176.0,29.793701171875,34.61,,1.0,0.0,1.0,0.0,HRposHER2neg,0.0,0.0,1.0,spy1,0,train
ISPY1_1064,0,256.0,60.0,3.0,0.0,1.0,2.0,2.2,0.78125,18.0,49.0,142.0,194.0,67.0,139.0,24.459960937500004,60.11,,1.0,0.0,0.0,0.0,TripleNeg,1.0,0.0,0.0,spy1,0,train
ISPY1_1066,0,256.0,60.0,3.0,0.0,1.0,2.0,2.5,0.703125,41.0,53.0,100.0,144.0,105.0,149.0,8.094314575195312,57.42,,1.0,0.0,0.0,0.0,TripleNeg,1.0,0.0,0.0,spy1,0,train
ISPY1_1069,0,256.0,60.0,4.0,0.0,1.0,2.0,2.0,0.78125,15.0,36.0,128.0,176.0,80.0,124.0,8.607177734375,57.18,,1.0,0.0,1.0,0.0,HRposHER2neg,0.0,0.0,1.0,spy1,0,train
ISPY1_1070,1,256.0,60.0,3.0,0.0,1.0,2.0,2.0,0.78125,13.0,38.0,115.0,183.0,72.0,122.0,8.465576171875,36.78,,0.0,0.0,1.0,0.0,HRposHER2neg,0.0,0.0,1.0,spy1,0,train
ISPY1_1072,0,256.0,64.0,3.0,0.0,1.0,2.0,2.0625,0.78125,33.0,49.0,68.0,136.0,81.0,141.0,2.7480697631835938,55.86,,1.0,0.0,0.0,0.0,TripleNeg,1.0,0.0,0.0,spy1,0,train
ISPY1_1074,0,256.0,64.0,3.0,0.0,1.0,2.0,2.0,0.703125,11.0,49.0,22.0,204.0,81.0,202.0,33.32054443359375,36.51,,1.0,0.0,1.0,0.0,HRposHER2neg,0.0,0.0,1.0,spy1,0,train
ISPY1_1075,1,256.0,60.0,3.0,0.0,1.0,2.0,2.0,0.820312,18.0,41.0,127.0,175.0,44.0,131.0,13.672221492075394,33.47,,1.0,0.0,0.0,0.0,TripleNeg,1.0,0.0,0.0,spy1,0,train
ISPY1_1077,1,256.0,60.0,4.0,0.0,1.0,2.0,2.2,0.859375,39.0,58.0,80.0,120.0,121.0,194.0,7.257784423828125,41.65,,1.0,0.0,1.0,1.0,HER2pos,0.0,1.0,0.0,spy1,0,train
ISPY1_1078,1,256.0,60.0,3.0,0.0,1.0,2.0,2.1,0.820312,19.0,43.0,174.0,224.0,97.0,149.0,12.523022758727311,31.33,,0.0,0.0,1.0,0.0,HRposHER2neg,0.0,0.0,1.0,spy1,0,train
ISPY1_1084,0,256.0,54.0,4.0,0.0,2.0,3.0,3.0,0.78125,22.0,47.0,44.0,176.0,70.0,218.0,44.300537109375,34.53,,1.0,0.0,1.0,1.0,HER2pos,0.0,1.0,0.0,spy1,0,train
ISPY1_1087,1,256.0,62.0,3.0,0.0,1.0,2.0,2.5,0.703125,11.0,35.0,92.0,197.0,10.0,78.0,11.724334716796877,43.01,,1.0,0.0,0.0,1.0,HER2pos,0.0,1.0,0.0,spy1,0,train
ISPY1_1089,0,256.0,60.0,6.0,0.0,2.0,5.0,4.0,0.78125,7.0,59.0,74.0,209.0,33.0,175.0,274.4873046875,60.95,,0.0,1.0,1.0,0.0,HRposHER2neg,0.0,0.0,1.0,spy1,0,train
ISPY1_1090,1,256.0,64.0,3.0,0.0,1.0,2.0,2.0625,0.78125,32.0,51.0,117.0,167.0,95.0,173.0,12.096290588378906,51.54,,1.0,0.0,1.0,1.0,HER2pos,0.0,1.0,0.0,spy1,1,test
ISPY1_1094,0,256.0,60.0,3.0,0.0,1.0,2.0,2.0,0.78125,5.0,54.0,101.0,191.0,25.0,157.0,34.560546875,49.95,,1.0,0.0,1.0,0.0,HRposHER2neg,0.0,0.0,1.0,spy1,1,test
ISPY1_1096,0,256.0,60.0,4.0,0.0,1.0,2.0,1.5,0.703125,13.0,36.0,81.0,145.0,122.0,186.0,6.639340209960937,42.99,,1.0,0.0,0.0,1.0,HER2pos,0.0,1.0,0.0,spy1,1,test
ISPY1_1097,0,256.0,64.0,3.0,0.0,1.0,2.0,2.3,0.78125,26.0,47.0,106.0,160.0,88.0,150.0,25.830078125,44.5,,1.0,0.0,0.0,0.0,TripleNeg,1.0,0.0,0.0,spy1,0,train
ISPY1_1099,1,256.0,60.0,3.0,0.0,1.0,2.0,2.0,0.78125,14.0,43.0,79.0,168.0,84.0,152.0,24.798583984375,50.35,,1.0,0.0,0.0,0.0,TripleNeg,1.0,0.0,0.0,spy1,0,train
ISPY1_1100,0,256.0,60.0,3.0,0.0,1.0,2.0,2.0,0.78125,23.0,42.0,102.0,146.0,81.0,123.0,6.365966796875,63.32,,1.0,0.0,1.0,0.0,HRposHER2neg,0.0,0.0,1.0,spy1,0,train
ISPY1_1101,0,256.0,60.0,3.0,0.0,1.0,2.0,2.1,0.78125,0.0,28.0,81.0,192.0,66.0,171.0,64.55987548828125,42.84,,0.0,1.0,0.0,1.0,HER2pos,0.0,1.0,0.0,spy1,0,train
ISPY1_1102,0,256.0,74.0,3.0,0.0,1.0,2.0,2.5,0.78125,7.0,46.0,61.0,173.0,39.0,216.0,28.45306396484375,57.46,,0.0,1.0,1.0,1.0,HER2pos,0.0,1.0,0.0,spy1,1,test
ISPY1_1103,1,512.0,44.0,3.0,0.0,1.0,2.0,3.0,0.390625,7.0,39.0,116.0,388.0,115.0,336.0,45.43991088867188,50.15,,1.0,0.0,0.0,1.0,HER2pos,0.0,1.0,0.0,spy1,0,train
ISPY1_1104,1,256.0,60.0,6.0,0.0,2.0,5.0,4.0,0.859375,0.0,32.0,95.0,157.0,127.0,193.0,61.5723388671875,51.18,,0.0,1.0,0.0,1.0,HER2pos,0.0,1.0,0.0,spy1,0,train
ISPY1_1107,0,256.0,58.0,3.0,0.0,1.0,2.0,2.5,0.703125,17.0,25.0,118.0,144.0,56.0,85.0,2.80316162109375,58.37,,1.0,0.0,1.0,0.0,HRposHER2neg,0.0,0.0,1.0,spy1,0,train
ISPY1_1112,1,256.0,56.0,3.0,0.0,1.0,2.0,2.5,0.703125,25.0,48.0,107.0,181.0,74.0,172.0,6.8534088134765625,46.06,,1.0,0.0,0.0,1.0,HER2pos,0.0,1.0,0.0,spy1,0,train
ISPY1_1114,0,512.0,44.0,3.0,0.0,1.0,2.0,3.0,0.390625,3.0,24.0,119.0,283.0,218.0,339.0,24.471588134765625,44.82,,0.0,1.0,1.0,0.0,HRposHER2neg,0.0,0.0,1.0,spy1,0,train
ISPY1_1117,0,256.0,60.0,3.0,0.0,1.0,2.0,2.6,0.859375,6.0,45.0,121.0,214.0,53.0,149.0,25.651497802734376,49.01,,0.0,1.0,1.0,0.0,HRposHER2neg,0.0,0.0,1.0,spy1,1,test
ISPY1_1120,0,256.0,60.0,3.0,0.0,1.0,2.0,2.0,0.703125,14.0,41.0,163.0,212.0,38.0,112.0,1.36746826171875,41.09,,0.0,1.0,1.0,0.0,HRposHER2neg,0.0,0.0,1.0,spy1,0,train
ISPY1_1122,0,256.0,64.0,3.0,0.0,1.0,2.0,2.5,0.703125,25.0,52.0,65.0,131.0,53.0,150.0,17.690322875976562,59.7,,1.0,0.0,0.0,1.0,HER2pos,0.0,1.0,0.0,spy1,0,train
ISPY1_1124,0,256.0,60.0,6.0,0.0,2.0,5.0,4.0,0.78125,3.0,46.0,78.0,178.0,30.0,171.0,101.05712890625,47.6,,1.0,0.0,0.0,1.0,HER2pos,0.0,1.0,0.0,spy1,0,train
ISPY1_1125,1,256.0,60.0,6.0,0.0,2.0,5.0,4.0,0.78125,30.0,47.0,96.0,156.0,70.0,153.0,9.05029296875,44.85,,0.0,0.0,1.0,0.0,HRposHER2neg,0.0,0.0,1.0,spy1,1,test
ISPY1_1127,0,256.0,60.0,3.0,0.0,1.0,2.0,2.0,0.78125,19.0,48.0,123.0,190.0,54.0,129.0,4.39453125,47.61,,0.0,0.0,1.0,0.0,HRposHER2neg,0.0,0.0,1.0,spy1,1,test
ISPY1_1128,0,256.0,60.0,3.0,0.0,1.0,2.0,2.0,0.78125,26.0,39.0,120.0,146.0,95.0,124.0,2.257080078125,33.18,,1.0,0.0,1.0,1.0,HER2pos,0.0,1.0,0.0,spy1,0,train
ISPY1_1130,1,256.0,58.0,3.0,0.0,1.0,2.0,2.5,0.703125,17.0,25.0,78.0,102.0,98.0,124.0,1.208770751953125,39.08,,1.0,0.0,1.0,0.0,HRposHER2neg,0.0,0.0,1.0,spy1,0,train
ISPY1_1134,0,256.0,60.0,3.0,0.0,1.0,2.0,2.0,0.78125,23.0,44.0,95.0,157.0,102.0,152.0,10.845947265625,43.06,,1.0,0.0,1.0,0.0,HRposHER2neg,0.0,0.0,1.0,spy1,0,train
ISPY1_1135,0,256.0,60.0,3.0,0.0,1.0,2.0,2.0,0.78125,5.0,33.0,118.0,178.0,103.0,160.0,6.024169921875,58.89,,1.0,0.0,0.0,0.0,TripleNeg,1.0,0.0,0.0,spy1,0,train
ISPY1_1137,0,256.0,60.0,3.0,0.0,1.0,2.0,2.0,0.859375,6.0,43.0,104.0,206.0,72.0,142.0,14.34659423828125,29.38,,1.0,0.0,1.0,1.0,HER2pos,0.0,1.0,0.0,spy1,1,test
ISPY1_1139,1,256.0,64.0,3.0,0.0,2.0,2.0,2.5,0.78125,13.0,46.0,73.0,211.0,36.0,182.0,94.5159912109375,46.26,,1.0,0.0,0.0,0.0,TripleNeg,1.0,0.0,0.0,spy1,0,train
ISPY1_1140,0,256.0,60.0,3.0,0.0,1.0,2.0,2.6,0.859375,12.0,56.0,74.0,213.0,37.0,142.0,39.32307983398437,35.12,,1.0,0.0,1.0,0.0,HRposHER2neg,0.0,0.0,1.0,spy1,0,train
ISPY1_1141,0,256.0,50.0,4.0,0.0,2.0,3.0,3.0,0.78125,11.0,32.0,71.0,179.0,77.0,161.0,38.558349609375,49.15,,0.0,1.0,0.0,1.0,HER2pos,0.0,1.0,0.0,spy1,0,train
ISPY1_1142,0,256.0,62.0,3.0,0.0,1.0,2.0,2.5,0.703125,18.0,57.0,45.0,205.0,42.0,191.0,39.76336669921875,28.76,,1.0,0.0,1.0,,,,,,spy1,1,test
ISPY1_1144,1,256.0,66.0,3.0,0.0,1.0,2.0,2.5,0.78125,30.0,55.0,63.0,125.0,128.0,188.0,30.5389404296875,56.28,,1.0,0.0,0.0,,,,,,spy1,0,train
ISPY1_1145,1,256.0,66.0,3.0,0.0,1.0,2.0,2.5,0.78125,4.0,51.0,44.0,195.0,29.0,165.0,172.57843017578125,39.37,,0.0,1.0,0.0,1.0,HER2pos,0.0,1.0,0.0,spy1,1,test
ISPY1_1147,0,256.0,60.0,3.0,0.0,1.0,2.0,2.0,0.78125,14.0,45.0,71.0,148.0,91.0,167.0,43.172607421875,59.3,,1.0,0.0,0.0,0.0,TripleNeg,1.0,0.0,0.0,spy1,0,train
ISPY1_1148,1,256.0,64.0,4.0,0.0,2.0,3.0,2.0,0.703125,9.0,27.0,101.0,172.0,123.0,182.0,5.6953125,50.81,,1.0,0.0,0.0,1.0,HER2pos,0.0,1.0,0.0,spy1,0,train
ISPY1_1149,0,256.0,64.0,3.0,0.0,1.0,2.0,2.0,0.703125,26.0,44.0,58.0,108.0,122.0,165.0,9.903515625,59.18,,1.0,0.0,0.0,0.0,TripleNeg,1.0,0.0,0.0,spy1,1,test
ISPY1_1151,0,256.0,64.0,3.0,0.0,1.0,2.0,2.3,0.78125,14.0,44.0,64.0,217.0,53.0,203.0,45.91577148437499,50.15,,0.0,1.0,1.0,1.0,HER2pos,0.0,1.0,0.0,spy1,1,test
ISPY1_1152,0,256.0,60.0,3.0,0.0,1.0,2.0,2.6,0.9375,16.0,37.0,97.0,170.0,33.0,114.0,4.84224609375,51.29,,1.0,0.0,1.0,1.0,HER2pos,0.0,1.0,0.0,spy1,0,train
ISPY1_1155,1,256.0,64.0,3.0,0.0,1.0,2.0,2.0,0.703125,22.0,49.0,85.0,159.0,115.0,177.0,32.609619140625,42.65,,1.0,0.0,0.0,0.0,TripleNeg,1.0,0.0,0.0,spy1,0,train
ISPY1_1156,1,512.0,44.0,4.0,0.0,1.0,2.0,3.0,0.390625,8.0,36.0,190.0,359.0,182.0,352.0,38.38531494140625,65.39,,1.0,0.0,0.0,1.0,HER2pos,0.0,1.0,0.0,spy1,0,train
ISPY1_1159,0,256.0,64.0,3.0,0.0,1.0,2.0,2.0,0.703125,26.0,56.0,102.0,189.0,65.0,157.0,14.22344970703125,55.95,,0.0,1.0,,,,,,,spy1,0,train
ISPY1_1161,0,256.0,60.0,4.0,0.0,2.0,3.0,2.5,0.703125,6.0,31.0,89.0,170.0,91.0,186.0,42.43798828125,56.83,,1.0,0.0,0.0,1.0,HER2pos,0.0,1.0,0.0,spy1,0,train
ISPY1_1163,1,256.0,56.0,3.0,0.0,1.0,2.0,2.5,0.703125,27.0,45.0,95.0,141.0,109.0,170.0,8.0386962890625,38.85,,1.0,0.0,0.0,0.0,TripleNeg,1.0,0.0,0.0,spy1,1,test
ISPY1_1164,0,256.0,64.0,3.0,0.0,1.0,2.0,2.0,0.78125,33.0,46.0,56.0,103.0,91.0,138.0,9.781494140625,60.11,,1.0,0.0,1.0,0.0,HRposHER2neg,0.0,0.0,1.0,spy1,0,train
ISPY1_1165,0,256.0,60.0,6.0,0.0,2.0,5.0,4.0,0.78125,1.0,38.0,65.0,173.0,57.0,158.0,273.41552734375,39.66,,1.0,0.0,0.0,0.0,TripleNeg,1.0,0.0,0.0,spy1,1,test
ISPY1_1166,0,256.0,104.0,3.0,0.0,1.0,2.0,3.0,0.859375,55.0,84.0,129.0,174.0,35.0,98.0,9.15919189453125,54.43,,1.0,0.0,1.0,0.0,HRposHER2neg,0.0,0.0,1.0,spy1,1,test
ISPY1_1167,0,256.0,80.0,4.0,0.0,2.0,3.0,3.0,0.78125,3.0,71.0,88.0,199.0,43.0,160.0,84.43359375,50.63,,1.0,0.0,1.0,1.0,HER2pos,0.0,1.0,0.0,spy1,0,train
ISPY1_1169,0,512.0,44.0,3.0,0.0,1.0,2.0,3.0,0.390625,13.0,35.0,208.0,350.0,142.0,348.0,13.320465087890623,44.15,,1.0,0.0,0.0,0.0,TripleNeg,1.0,0.0,0.0,spy1,0,train
ISPY1_1173,0,256.0,60.0,4.0,0.0,2.0,3.0,2.0,0.78125,15.0,48.0,56.0,190.0,35.0,168.0,78.896484375,43.96,,0.0,1.0,,,,,,,spy1,0,train
ISPY1_1174,0,256.0,62.0,3.0,0.0,1.0,2.0,2.5,0.703125,10.0,53.0,84.0,202.0,28.0,150.0,75.90165710449219,49.1,,1.0,0.0,1.0,0.0,HRposHER2neg,0.0,0.0,1.0,spy1,1,test
ISPY1_1175,0,256.0,64.0,3.0,0.0,1.0,2.0,2.0,0.78125,17.0,43.0,79.0,159.0,78.0,142.0,42.501220703125,64.33,,1.0,0.0,1.0,0.0,HRposHER2neg,0.0,0.0,1.0,spy1,1,test
ISPY1_1176,1,256.0,58.0,3.0,0.0,1.0,2.0,2.5,0.703125,27.0,47.0,81.0,153.0,32.0,134.0,10.637924194335938,47.58,,1.0,0.0,0.0,1.0,HER2pos,0.0,1.0,0.0,spy1,0,train
ISPY1_1177,1,256.0,60.0,3.0,0.0,1.0,2.0,2.0,0.859375,4.0,23.0,97.0,131.0,105.0,135.0,2.5021240234375,40.79,,1.0,0.0,0.0,1.0,HER2pos,0.0,1.0,0.0,spy1,0,train
ISPY1_1179,0,512.0,44.0,3.0,0.0,1.0,2.0,3.0,0.390625,9.0,24.0,112.0,206.0,254.0,346.0,6.97998046875,49.61,,1.0,0.0,0.0,0.0,TripleNeg,1.0,0.0,0.0,spy1,0,train
ISPY1_1180,0,256.0,52.0,4.0,0.0,2.0,3.0,3.0,0.78125,33.0,42.0,120.0,181.0,62.0,113.0,6.6778564453125,31.45,,1.0,0.0,1.0,0.0,HRposHER2neg,0.0,0.0,1.0,spy1,1,test
ISPY1_1181,0,256.0,64.0,3.0,0.0,1.0,2.0,2.0,0.703125,17.0,50.0,25.0,196.0,41.0,156.0,57.534521484375,34.71,,1.0,0.0,1.0,0.0,HRposHER2neg,0.0,0.0,1.0,spy1,0,train
ISPY1_1182,1,256.0,60.0,6.0,0.0,2.0,5.0,3.0,0.9375,3.0,45.0,94.0,165.0,72.0,153.0,44.61591796875,42.24,,1.0,0.0,0.0,1.0,HER2pos,0.0,1.0,0.0,spy1,1,test
ISPY1_1183,0,512.0,44.0,3.0,0.0,1.0,2.0,3.0,0.390625,9.0,30.0,191.0,418.0,95.0,310.0,14.676361083984377,53.78,,1.0,0.0,1.0,0.0,HRposHER2neg,0.0,0.0,1.0,spy1,0,train
ISPY1_1184,1,256.0,60.0,6.0,0.0,2.0,5.0,4.0,0.78125,32.0,51.0,133.0,177.0,105.0,156.0,27.71240234375,49.1,,1.0,0.0,0.0,0.0,TripleNeg,1.0,0.0,0.0,spy1,0,train
ISPY1_1185,0,256.0,60.0,3.0,0.0,1.0,2.0,2.2,0.898438,8.0,41.0,123.0,206.0,35.0,136.0,25.84883370249237,49.79,,1.0,0.0,1.0,0.0,HRposHER2neg,0.0,0.0,1.0,spy1,1,test
ISPY1_1187,0,256.0,54.0,3.0,0.0,1.0,2.0,3.0,0.703125,7.0,35.0,47.0,189.0,41.0,206.0,172.74298095703125,47.06,,0.0,1.0,0.0,0.0,TripleNeg,1.0,0.0,0.0,spy1,0,train
ISPY1_1188,0,256.0,56.0,4.0,0.0,2.0,3.0,2.5,0.78125,30.0,36.0,75.0,96.0,94.0,113.0,0.55084228515625,38.26,,0.0,1.0,0.0,0.0,TripleNeg,1.0,0.0,0.0,spy1,0,train
ISPY1_1189,1,256.0,60.0,3.0,0.0,1.0,2.0,2.3,0.9375,17.0,32.0,126.0,181.0,67.0,111.0,6.567802734375,68.82,,0.0,0.0,0.0,1.0,HER2pos,0.0,1.0,0.0,spy1,0,train
ISPY1_1191,0,256.0,56.0,3.0,0.0,1.0,2.0,2.5,0.703125,12.0,29.0,77.0,128.0,102.0,161.0,10.734329223632812,45.88,,1.0,0.0,1.0,0.0,HRposHER2neg,0.0,0.0,1.0,spy1,0,train
ISPY1_1192,1,256.0,56.0,3.0,0.0,1.0,2.0,2.5,0.703125,34.0,43.0,116.0,141.0,151.0,184.0,1.2124786376953125,31.26,,0.0,1.0,0.0,,,,,,spy1,1,test
ISPY1_1193,0,256.0,64.0,5.0,0.0,1.0,2.0,2.0,0.78125,29.0,47.0,45.0,91.0,92.0,155.0,8.65478515625,59.6,,1.0,0.0,1.0,0.0,HRposHER2neg,0.0,0.0,1.0,spy1,0,train
ISPY1_1194,0,256.0,60.0,4.0,0.0,2.0,3.0,2.5,0.703125,7.0,49.0,32.0,206.0,44.0,201.0,312.1013946533203,33.83,,1.0,0.0,1.0,0.0,HRposHER2neg,0.0,0.0,1.0,spy1,0,train
ISPY1_1196,0,256.0,56.0,4.0,0.0,2.0,3.0,2.5,0.78125,18.0,40.0,111.0,154.0,72.0,125.0,5.26123046875,35.44,,1.0,0.0,1.0,1.0,HER2pos,0.0,1.0,0.0,spy1,0,train
ISPY1_1197,0,256.0,78.0,3.0,0.0,1.0,2.0,2.5,0.9375,30.0,72.0,65.0,168.0,29.0,190.0,34.613525390625,44.73,,1.0,0.0,1.0,0.0,HRposHER2neg,0.0,0.0,1.0,spy1,0,train
ISPY1_1198,0,256.0,58.0,3.0,0.0,1.0,2.0,2.5,0.703125,27.0,40.0,126.0,176.0,47.0,105.0,2.301361083984375,59.54,,0.0,1.0,1.0,0.0,HRposHER2neg,0.0,0.0,1.0,spy1,0,train
ISPY1_1199,0,256.0,64.0,3.0,0.0,1.0,2.0,2.0,0.703125,19.0,55.0,123.0,210.0,74.0,171.0,11.42918701171875,37.68,,1.0,0.0,0.0,0.0,TripleNeg,1.0,0.0,0.0,spy1,0,train
ISPY1_1201,0,512.0,44.0,3.0,0.0,1.0,2.0,3.0,0.390625,15.0,34.0,162.0,272.0,131.0,326.0,8.936004638671875,50.12,,1.0,0.0,1.0,0.0,HRposHER2neg,0.0,0.0,1.0,spy1,1,test
ISPY1_1202,1,512.0,44.0,3.0,0.0,1.0,2.0,3.0,0.390625,16.0,29.0,154.0,251.0,176.0,256.0,2.216949462890625,53.45,,1.0,0.0,1.0,0.0,HRposHER2neg,0.0,0.0,1.0,spy1,1,test
ISPY1_1203,0,256.0,64.0,3.0,0.0,1.0,2.0,2.0,0.703125,8.0,49.0,76.0,200.0,72.0,186.0,44.32357177734375,42.34,,1.0,0.0,1.0,0.0,HRposHER2neg,0.0,0.0,1.0,spy1,1,test
ISPY1_1204,0,256.0,60.0,3.0,0.0,1.0,2.0,2.8,1.05469,10.0,27.0,141.0,165.0,101.0,150.0,13.118858579604955,39.27,,1.0,0.0,0.0,0.0,TripleNeg,1.0,0.0,0.0,spy1,0,train
ISPY1_1205,0,256.0,60.0,6.0,0.0,2.0,5.0,4.0,0.78125,1.0,59.0,72.0,182.0,68.0,176.0,346.7919921875,42.56,,0.0,1.0,1.0,0.0,HRposHER2neg,0.0,0.0,1.0,spy1,0,train
ISPY1_1207,1,256.0,60.0,3.0,0.0,1.0,2.0,2.5,1.09375,20.0,33.0,158.0,183.0,78.0,129.0,8.7508544921875,36.27,,1.0,0.0,0.0,0.0,TripleNeg,1.0,0.0,0.0,spy1,1,test
ISPY1_1208,1,256.0,64.0,3.0,0.0,1.0,2.0,2.0,0.78125,13.0,52.0,32.0,188.0,43.0,196.0,23.768310546875,42.07,,1.0,0.0,0.0,0.0,TripleNeg,1.0,0.0,0.0,spy1,0,train
ISPY1_1209,0,256.0,56.0,3.0,0.0,1.0,2.0,2.5,0.703125,14.0,27.0,166.0,206.0,119.0,158.0,5.37890625,43.44,,1.0,0.0,1.0,0.0,HRposHER2neg,0.0,0.0,1.0,spy1,1,test
ISPY1_1212,1,256.0,60.0,6.0,0.0,2.0,5.0,4.0,0.78125,24.0,43.0,86.0,131.0,85.0,138.0,35.34423828125,52.13,,0.0,1.0,0.0,1.0,HER2pos,0.0,1.0,0.0,spy1,0,train
ISPY1_1215,1,256.0,60.0,6.0,0.0,2.0,5.0,4.0,0.78125,2.0,32.0,136.0,194.0,98.0,156.0,44.75830078125,49.2,,1.0,0.0,1.0,1.0,HER2pos,0.0,1.0,0.0,spy1,0,train
ISPY1_1217,0,256.0,56.0,3.0,0.0,1.0,2.0,2.5,0.703125,17.0,27.0,143.0,181.0,119.0,155.0,1.8502349853515625,50.09,,1.0,0.0,1.0,0.0,HRposHER2neg,0.0,0.0,1.0,spy1,0,train
ISPY1_1218,0,512.0,44.0,3.0,0.0,1.0,2.0,3.409091,0.390625,10.0,28.0,239.0,374.0,114.0,358.0,9.543332441101075,47.82,,0.0,1.0,0.0,0.0,TripleNeg,1.0,0.0,0.0,spy1,0,train
ISPY1_1219,0,256.0,64.0,3.0,0.0,1.0,2.0,2.0,0.78125,17.0,42.0,54.0,125.0,74.0,158.0,22.215576171875,45.98,,1.0,0.0,1.0,0.0,HRposHER2neg,0.0,0.0,1.0,spy1,0,train
ISPY1_1222,0,256.0,60.0,3.0,0.0,1.0,2.0,2.0,0.898438,34.0,50.0,128.0,180.0,58.0,130.0,10.625860215706416,55.52,,1.0,0.0,0.0,1.0,HER2pos,0.0,1.0,0.0,spy1,0,train
ISPY1_1223,0,256.0,60.0,3.0,0.0,1.0,2.0,2.0,0.9375,14.0,27.0,126.0,155.0,53.0,82.0,6.1787109375,59.82,,1.0,0.0,1.0,0.0,HRposHER2neg,0.0,0.0,1.0,spy1,0,train
ISPY1_1224,0,512.0,48.0,3.0,0.0,1.0,2.0,3.0,0.390625,13.0,24.0,155.0,229.0,238.0,327.0,5.280303955078125,61.13,,0.0,1.0,1.0,1.0,HER2pos,0.0,1.0,0.0,spy1,1,test
ISPY1_1225,0,256.0,64.0,3.0,0.0,1.0,2.0,2.0,0.703125,15.0,33.0,141.0,186.0,108.0,163.0,3.3914794921875,47.84,,1.0,0.0,1.0,0.0,HRposHER2neg,0.0,0.0,1.0,spy1,0,train
ISPY1_1226,0,256.0,60.0,3.0,0.0,1.0,2.0,2.0,1.05469,17.0,42.0,113.0,181.0,59.0,108.0,2.5629027750144,42.08,,1.0,0.0,1.0,0.0,HRposHER2neg,0.0,0.0,1.0,spy1,1,test
ISPY1_1227,1,256.0,60.0,3.0,0.0,1.0,2.0,2.3,0.9375,7.0,20.0,156.0,188.0,113.0,136.0,1.20076171875,42.46,,1.0,0.0,0.0,0.0,TripleNeg,1.0,0.0,0.0,spy1,0,train
ISPY1_1228,1,256.0,60.0,6.0,0.0,1.0,2.0,3.0,0.859375,20.0,60.0,84.0,215.0,29.0,187.0,75.2852783203125,53.25,,0.0,1.0,0.0,1.0,HER2pos,0.0,1.0,0.0,spy1,0,train
ISPY1_1229,1,256.0,60.0,3.0,0.0,1.0,2.0,2.2,0.9375,15.0,43.0,121.0,177.0,46.0,112.0,13.8793359375,50.79,,1.0,0.0,0.0,0.0,TripleNeg,1.0,0.0,0.0,spy1,1,test
ISPY1_1230,0,512.0,54.0,3.0,0.0,1.0,2.0,2.592592,0.390625,32.0,53.0,172.0,350.0,102.0,302.0,27.16374659423828,53.45,,0.0,1.0,1.0,0.0,HRposHER2neg,0.0,0.0,1.0,spy1,0,train
ISPY1_1231,0,256.0,60.0,3.0,0.0,1.0,2.0,2.2,0.9375,19.0,50.0,122.0,216.0,43.0,128.0,37.7476171875,45.5,,1.0,0.0,1.0,0.0,HRposHER2neg,0.0,0.0,1.0,spy1,0,train
ISPY1_1233,0,512.0,44.0,3.0,0.0,1.0,2.0,3.0,0.390625,15.0,34.0,162.0,270.0,40.0,162.0,5.827789306640625,27.85,,0.0,1.0,1.0,0.0,HRposHER2neg,0.0,0.0,1.0,spy1,0,train
ISPY1_1235,1,512.0,44.0,3.0,0.0,1.0,2.0,3.0,0.390625,9.0,25.0,174.0,296.0,202.0,332.0,11.97509765625,64.06,,1.0,0.0,0.0,1.0,HER2pos,0.0,1.0,0.0,spy1,0,train
ISPY1_1236,0,512.0,44.0,3.0,0.0,1.0,2.0,3.0,0.390625,8.0,21.0,248.0,333.0,167.0,252.0,3.723907470703125,38.61,,0.0,1.0,1.0,0.0,HRposHER2neg,0.0,0.0,1.0,spy1,0,train
ISPY1_1237,0,512.0,44.0,3.0,0.0,1.0,2.0,3.0,0.390625,9.0,21.0,147.0,248.0,150.0,283.0,5.296783447265625,46.46,,1.0,0.0,1.0,1.0,HER2pos,0.0,1.0,0.0,spy1,0,train
ISPY1_1238,0,256.0,64.0,3.0,0.0,1.0,2.0,2.0,0.78125,21.0,49.0,56.0,108.0,79.0,151.0,21.572265625,59.05,,0.0,1.0,1.0,1.0,HER2pos,0.0,1.0,0.0,spy1,0,train
ISPY1_1239,0,256.0,60.0,3.0,0.0,1.0,2.0,2.2,0.976562,28.0,39.0,126.0,188.0,53.0,105.0,3.7849387511728687,48.57,,0.0,0.0,1.0,0.0,HRposHER2neg,0.0,0.0,1.0,spy1,0,train
Breast_MRI_002,0,256.0,18.0,4.0,0.0,1.0,3.0,1.3,0.5859,2.0,15.0,107.0,150.0,108.0,136.0,1.279434452751,38.0,0.0,0.0,1.0,0.0,0.0,TripleNeg,1.0,0.0,0.0,duke,1,test
Breast_MRI_005,1,256.0,51.0,4.0,0.0,1.0,3.0,2.0,0.78125,2.0,48.0,116.0,141.0,108.0,148.0,10.006103515625,38.0,0.0,0.0,0.0,1.0,1.0,HER2pos,0.0,1.0,0.0,duke,0,train
Breast_MRI_009,1,256.0,30.0,4.0,0.0,1.0,3.0,1.1,0.6641,2.0,27.0,101.0,156.0,106.0,150.0,5.239907394491,56.0,1.0,1.0,0.0,0.0,0.0,TripleNeg,1.0,0.0,0.0,duke,0,train
Breast_MRI_010,0,256.0,32.0,4.0,0.0,1.0,3.0,2.0,0.6641,2.0,29.0,95.0,162.0,55.0,112.0,12.4943461873,67.0,1.0,1.0,0.0,0.0,0.0,TripleNeg,1.0,0.0,0.0,duke,0,train
Breast_MRI_012,0,256.0,55.0,4.0,0.0,1.0,3.0,1.2,0.7422,2.0,52.0,53.0,204.0,61.0,196.0,103.026621527856,43.0,0.0,0.0,1.0,0.0,0.0,TripleNeg,1.0,0.0,0.0,duke,0,train
Breast_MRI_019,0,256.0,39.0,4.0,0.0,1.0,3.0,1.1,1.0625,2.0,36.0,112.0,139.0,132.0,177.0,12.6017549606362,35.0,0.0,1.0,0.0,1.0,0.0,HRposHER2neg,0.0,0.0,1.0,duke,0,train
Breast_MRI_021,0,256.0,22.0,4.0,0.0,1.0,3.0,2.0,0.7422,2.0,19.0,111.0,146.0,73.0,109.0,3.2423669042400003,43.0,1.0,1.0,0.0,1.0,0.0,HRposHER2neg,0.0,0.0,1.0,duke,0,train
Breast_MRI_022,0,256.0,38.0,5.0,0.0,1.0,4.0,1.1,0.73660713434219,2.0,35.0,73.0,110.0,125.0,175.0,4.26329305227414,53.0,1.0,1.0,0.0,1.0,1.0,HER2pos,0.0,1.0,0.0,duke,0,train
Breast_MRI_040,0,256.0,36.0,5.0,0.0,1.0,4.0,1.1,0.75892859697342,2.0,33.0,86.0,170.0,64.0,112.0,12.5035017903344,48.0,0.0,0.0,1.0,1.0,0.0,HRposHER2neg,0.0,0.0,1.0,duke,0,train
Breast_MRI_041,0,256.0,36.0,5.0,0.0,1.0,4.0,2.0,0.6836,2.0,33.0,96.0,161.0,108.0,148.0,4.54271040016,67.0,1.0,1.0,0.0,1.0,0.0,HRposHER2neg,0.0,0.0,1.0,duke,0,train
Breast_MRI_043,0,256.0,33.0,5.0,0.0,1.0,4.0,2.0,0.6836,2.0,30.0,105.0,151.0,112.0,153.0,9.32701953264,46.0,0.0,1.0,0.0,0.0,0.0,TripleNeg,1.0,0.0,0.0,duke,0,train
Breast_MRI_044,1,256.0,18.0,5.0,0.0,1.0,4.0,1.1,0.75892859697342,2.0,15.0,111.0,145.0,109.0,148.0,3.69371246200403,34.0,0.0,1.0,0.0,0.0,1.0,HER2pos,0.0,1.0,0.0,duke,0,train
Breast_MRI_046,0,256.0,93.0,4.0,0.0,1.0,3.0,2.0,0.83705359697342,2.0,90.0,75.0,181.0,77.0,162.0,38.0829036367764,53.0,1.0,0.0,1.0,1.0,0.0,HRposHER2neg,0.0,0.0,1.0,duke,0,train
Breast_MRI_048,0,256.0,25.0,4.0,0.0,1.0,3.0,2.0,0.75892859697342,2.0,22.0,112.0,144.0,117.0,139.0,1.68759976284085,40.0,0.0,1.0,0.0,0.0,0.0,TripleNeg,1.0,0.0,0.0,duke,1,test
Breast_MRI_051,0,256.0,17.0,4.0,0.0,1.0,3.0,2.0,0.7422,2.0,14.0,106.0,151.0,120.0,136.0,0.3773396753999999,38.0,0.0,1.0,0.0,1.0,1.0,HER2pos,0.0,1.0,0.0,duke,1,test
Breast_MRI_053,0,256.0,28.0,4.0,0.0,1.0,3.0,2.0,0.6641,2.0,25.0,105.0,151.0,102.0,136.0,6.91930100009,46.0,1.0,1.0,0.0,1.0,0.0,HRposHER2neg,0.0,0.0,1.0,duke,0,train
Breast_MRI_055,1,256.0,23.0,5.0,0.0,1.0,4.0,2.0,0.6445,2.0,20.0,108.0,148.0,110.0,142.0,1.27729426875,73.0,1.0,0.0,0.0,0.0,0.0,TripleNeg,1.0,0.0,0.0,duke,1,test
Breast_MRI_056,0,256.0,40.0,4.0,0.0,1.0,3.0,2.0,0.6836,2.0,37.0,95.0,161.0,90.0,166.0,4.61047019936,52.0,1.0,1.0,0.0,1.0,1.0,HER2pos,0.0,1.0,0.0,duke,0,train
Breast_MRI_057,0,256.0,61.0,4.0,0.0,1.0,3.0,1.5,0.80357140302658,2.0,58.0,87.0,169.0,65.0,165.0,131.28663068363198,70.0,1.0,0.0,1.0,1.0,1.0,HER2pos,0.0,1.0,0.0,duke,0,train
Breast_MRI_059,1,256.0,18.0,4.0,0.0,1.0,3.0,2.0,0.6641,2.0,15.0,113.0,144.0,119.0,138.0,1.44348729513,51.0,0.0,1.0,0.0,0.0,0.0,TripleNeg,1.0,0.0,0.0,duke,1,test
Breast_MRI_060,0,256.0,26.0,5.0,0.0,1.0,4.0,2.0,0.6836,2.0,23.0,103.0,154.0,109.0,158.0,6.77177413936,47.0,0.0,0.0,1.0,0.0,0.0,TripleNeg,1.0,0.0,0.0,duke,1,test
Breast_MRI_061,1,256.0,46.0,4.0,0.0,1.0,3.0,2.0,0.6641,2.0,43.0,66.0,190.0,78.0,166.0,24.17323010491,59.0,1.0,0.0,1.0,0.0,0.0,TripleNeg,1.0,0.0,0.0,duke,0,train
Breast_MRI_064,0,256.0,21.0,5.0,0.0,1.0,4.0,2.0,0.6445,2.0,18.0,112.0,145.0,98.0,137.0,2.66466430375,55.0,1.0,1.0,0.0,0.0,0.0,TripleNeg,1.0,0.0,0.0,duke,0,train
Breast_MRI_069,0,256.0,21.0,5.0,0.0,1.0,4.0,2.0,0.6641,2.0,18.0,115.0,141.0,110.0,147.0,1.37027651267,46.0,0.0,1.0,0.0,1.0,0.0,HRposHER2neg,0.0,0.0,1.0,duke,0,train
Breast_MRI_082,0,256.0,34.0,4.0,0.0,1.0,3.0,1.1,0.75892859697342,2.0,31.0,106.0,151.0,97.0,143.0,18.1910586979519,29.0,0.0,0.0,0.0,1.0,0.0,HRposHER2neg,0.0,0.0,1.0,duke,0,train
Breast_MRI_086,0,256.0,78.0,4.0,0.0,1.0,3.0,2.0,0.78125,2.0,75.0,76.0,180.0,87.0,152.0,33.39599609375,36.0,0.0,1.0,0.0,1.0,1.0,HER2pos,0.0,1.0,0.0,duke,0,train
Breast_MRI_090,0,256.0,123.0,4.0,0.0,1.0,3.0,2.0,0.6836,2.0,120.0,70.0,187.0,66.0,190.0,154.9269395088,60.0,1.0,1.0,0.0,0.0,1.0,HER2pos,0.0,1.0,0.0,duke,0,train
Breast_MRI_091,0,256.0,50.0,5.0,0.0,1.0,4.0,1.1,0.75892859697342,2.0,47.0,90.0,167.0,98.0,183.0,24.4595991952192,65.0,1.0,0.0,1.0,1.0,0.0,HRposHER2neg,0.0,0.0,1.0,duke,0,train
Breast_MRI_097,0,256.0,43.0,4.0,0.0,1.0,3.0,2.0,0.78125,2.0,40.0,101.0,155.0,98.0,158.0,20.27587890625,56.0,0.0,1.0,0.0,0.0,0.0,TripleNeg,1.0,0.0,0.0,duke,0,train
Breast_MRI_099,1,256.0,28.0,5.0,0.0,1.0,4.0,2.0,0.625,2.0,25.0,98.0,158.0,65.0,136.0,3.31796875,69.0,1.0,1.0,0.0,0.0,0.0,TripleNeg,1.0,0.0,0.0,duke,0,train
Breast_MRI_101,0,256.0,23.0,5.0,0.0,1.0,4.0,1.1,0.69196426868439,2.0,20.0,102.0,155.0,61.0,100.0,3.4261575806021902,45.0,1.0,1.0,0.0,1.0,0.0,HRposHER2neg,0.0,0.0,1.0,duke,0,train
Breast_MRI_103,0,256.0,22.0,3.0,0.0,1.0,2.0,1.1,0.75892859697342,2.0,19.0,114.0,143.0,70.0,91.0,2.14019885839657,51.0,0.0,1.0,0.0,1.0,1.0,HER2pos,0.0,1.0,0.0,duke,0,train
Breast_MRI_104,0,256.0,23.0,4.0,0.0,1.0,3.0,2.0,0.80357140302658,2.0,20.0,113.0,143.0,70.0,97.0,1.32051171451351,71.0,1.0,0.0,1.0,1.0,0.0,HRposHER2neg,0.0,0.0,1.0,duke,0,train
Breast_MRI_107,0,256.0,27.0,5.0,0.0,1.0,4.0,2.0,0.7617,2.0,24.0,152.0,187.0,113.0,144.0,1.49282086797,65.0,1.0,0.0,1.0,0.0,0.0,TripleNeg,1.0,0.0,0.0,duke,0,train
Breast_MRI_114,0,256.0,21.0,4.0,0.0,1.0,3.0,2.0,0.7031,2.0,18.0,103.0,153.0,112.0,146.0,1.96998319585,49.0,0.0,1.0,0.0,1.0,0.0,HRposHER2neg,0.0,0.0,1.0,duke,0,train
Breast_MRI_115,1,256.0,28.0,5.0,0.0,1.0,4.0,2.0,0.6641,2.0,25.0,74.0,183.0,95.0,161.0,6.801105279010001,36.0,0.0,1.0,0.0,1.0,1.0,HER2pos,0.0,1.0,0.0,duke,0,train
Breast_MRI_117,0,256.0,29.0,4.0,0.0,1.0,3.0,1.1,0.6641,2.0,26.0,110.0,147.0,113.0,144.0,3.368269330613,32.0,0.0,0.0,0.0,0.0,0.0,TripleNeg,1.0,0.0,0.0,duke,0,train
Breast_MRI_119,0,256.0,68.0,5.0,0.0,1.0,4.0,1.1,0.71428573131561,2.0,65.0,71.0,185.0,65.0,139.0,30.4346449680338,56.0,1.0,1.0,0.0,1.0,1.0,HER2pos,0.0,1.0,0.0,duke,0,train
Breast_MRI_120,0,256.0,12.0,5.0,0.0,1.0,4.0,2.5,0.80357140302658,2.0,9.0,89.0,115.0,112.0,144.0,1.74184858185828,46.0,0.0,1.0,0.0,1.0,0.0,HRposHER2neg,0.0,0.0,1.0,duke,1,test
Breast_MRI_123,0,256.0,29.0,5.0,0.0,1.0,4.0,2.0,0.6641,2.0,26.0,103.0,154.0,96.0,135.0,7.30652429527,41.0,0.0,0.0,1.0,1.0,0.0,HRposHER2neg,0.0,0.0,1.0,duke,0,train
Breast_MRI_129,0,256.0,19.0,5.0,0.0,1.0,4.0,2.0,0.7227,2.0,16.0,115.0,141.0,172.0,197.0,0.93281938794,51.0,1.0,0.0,1.0,0.0,0.0,TripleNeg,1.0,0.0,0.0,duke,0,train
Breast_MRI_134,1,256.0,30.0,5.0,0.0,1.0,4.0,2.0,0.6836,2.0,27.0,113.0,144.0,115.0,141.0,0.5369379950400001,36.0,1.0,1.0,0.0,1.0,1.0,HER2pos,0.0,1.0,0.0,duke,0,train
Breast_MRI_136,0,256.0,17.0,5.0,0.0,1.0,4.0,2.0,0.5859,2.0,14.0,108.0,149.0,79.0,123.0,2.1935515959,42.0,0.0,1.0,0.0,1.0,0.0,HRposHER2neg,0.0,0.0,1.0,duke,0,train
Breast_MRI_137,0,256.0,25.0,4.0,0.0,1.0,3.0,1.3,0.75892859697342,2.0,22.0,112.0,145.0,134.0,162.0,3.46902533747167,54.0,0.0,1.0,0.0,1.0,0.0,HRposHER2neg,0.0,0.0,1.0,duke,0,train
Breast_MRI_141,0,256.0,26.0,4.0,0.0,1.0,3.0,2.0,0.78125,2.0,23.0,114.0,142.0,120.0,146.0,4.195556640625,64.0,1.0,1.0,0.0,1.0,1.0,HER2pos,0.0,1.0,0.0,duke,0,train
Breast_MRI_142,1,256.0,15.0,4.0,0.0,1.0,3.0,2.0,0.71428573131561,2.0,12.0,123.0,133.0,132.0,145.0,0.566836761722755,49.0,0.0,1.0,0.0,1.0,0.0,HRposHER2neg,0.0,0.0,1.0,duke,0,train
Breast_MRI_144,1,256.0,28.0,4.0,0.0,1.0,3.0,1.1,0.80357140302658,2.0,25.0,95.0,145.0,102.0,154.0,1.26717455447211,58.0,1.0,1.0,0.0,0.0,1.0,HER2pos,0.0,1.0,0.0,duke,0,train
Breast_MRI_148,0,256.0,60.0,5.0,0.0,1.0,4.0,2.0,0.7031,2.0,57.0,86.0,171.0,77.0,180.0,81.06888689351,42.0,0.0,1.0,0.0,0.0,0.0,TripleNeg,1.0,0.0,0.0,duke,0,train
Breast_MRI_150,0,256.0,52.0,5.0,0.0,1.0,4.0,2.0,0.6836,2.0,49.0,59.0,198.0,69.0,156.0,24.6131629232,64.0,1.0,0.0,1.0,1.0,0.0,HRposHER2neg,0.0,0.0,1.0,duke,0,train
Breast_MRI_156,0,256.0,49.0,4.0,0.0,1.0,3.0,2.0,0.75892859697342,2.0,46.0,112.0,144.0,91.0,149.0,11.0615540769142,37.0,0.0,1.0,0.0,1.0,1.0,HER2pos,0.0,1.0,0.0,duke,0,train
Breast_MRI_157,1,256.0,45.0,4.0,0.0,1.0,3.0,2.0,0.66964286565781,2.0,42.0,103.0,153.0,104.0,153.0,10.989018933802098,46.0,0.0,0.0,1.0,1.0,0.0,HRposHER2neg,0.0,0.0,1.0,duke,0,train
Breast_MRI_160,0,256.0,28.0,5.0,0.0,1.0,4.0,2.0,0.625,2.0,25.0,105.0,152.0,129.0,182.0,3.951171875,44.0,0.0,0.0,1.0,0.0,0.0,TripleNeg,1.0,0.0,0.0,duke,0,train
Breast_MRI_163,0,256.0,46.0,5.0,0.0,1.0,4.0,2.0,0.6641,2.0,43.0,90.0,167.0,86.0,170.0,35.44239825803,32.0,0.0,0.0,1.0,1.0,0.0,HRposHER2neg,0.0,0.0,1.0,duke,0,train
Breast_MRI_167,0,256.0,36.0,4.0,0.0,1.0,3.0,2.0,0.7031,2.0,33.0,98.0,159.0,129.0,166.0,2.68975622801,51.0,1.0,0.0,1.0,1.0,0.0,HRposHER2neg,0.0,0.0,1.0,duke,0,train
Breast_MRI_168,0,256.0,21.0,4.0,0.0,1.0,3.0,2.0,0.78125,2.0,18.0,117.0,140.0,143.0,169.0,3.2269287109375,43.0,0.0,1.0,0.0,1.0,0.0,HRposHER2neg,0.0,0.0,1.0,duke,0,train
Breast_MRI_176,0,256.0,31.0,5.0,0.0,1.0,4.0,1.2,1.1875,2.0,28.0,63.0,135.0,59.0,99.0,6.99381121540899,45.0,0.0,1.0,0.0,1.0,0.0,HRposHER2neg,0.0,0.0,1.0,duke,1,test
Breast_MRI_178,0,256.0,36.0,4.0,0.0,1.0,3.0,2.0,0.6641,2.0,33.0,92.0,165.0,99.0,158.0,8.52288175325,33.0,0.0,1.0,0.0,0.0,0.0,TripleNeg,1.0,0.0,0.0,duke,1,test
Breast_MRI_180,0,256.0,31.0,4.0,0.0,1.0,3.0,1.3,0.78125,2.0,28.0,101.0,156.0,99.0,158.0,12.0351558085532,76.0,1.0,1.0,0.0,1.0,0.0,HRposHER2neg,0.0,0.0,1.0,duke,0,train
Breast_MRI_183,1,256.0,19.0,4.0,0.0,1.0,3.0,1.2,0.75892859697342,2.0,16.0,115.0,142.0,109.0,147.0,3.28719071413132,63.0,1.0,1.0,0.0,1.0,1.0,HER2pos,0.0,1.0,0.0,duke,1,test
Breast_MRI_189,0,256.0,36.0,5.0,0.0,1.0,4.0,1.1,0.80357140302658,2.0,33.0,91.0,153.0,41.0,80.0,11.1936132107916,47.0,1.0,0.0,1.0,1.0,1.0,HER2pos,0.0,1.0,0.0,duke,0,train
Breast_MRI_192,0,256.0,47.0,4.0,0.0,1.0,3.0,1.04,0.80357140302658,2.0,44.0,73.0,128.0,82.0,152.0,6.25352998527784,50.0,0.0,1.0,0.0,1.0,0.0,HRposHER2neg,0.0,0.0,1.0,duke,1,test
Breast_MRI_198,0,256.0,55.0,5.0,0.0,1.0,4.0,2.0,0.75892859697342,2.0,52.0,85.0,171.0,147.0,197.0,19.5600300157253,43.0,0.0,1.0,0.0,1.0,0.0,HRposHER2neg,0.0,0.0,1.0,duke,0,train
Breast_MRI_205,0,256.0,63.0,4.0,0.0,1.0,3.0,2.0,0.6641,2.0,60.0,85.0,172.0,101.0,189.0,26.87276745092,46.0,1.0,0.0,1.0,1.0,0.0,HRposHER2neg,0.0,0.0,1.0,duke,0,train
Breast_MRI_217,1,256.0,51.0,5.0,0.0,1.0,4.0,2.0,0.5469,2.0,48.0,78.0,178.0,95.0,199.0,40.47505652403,50.0,0.0,0.0,1.0,0.0,0.0,TripleNeg,1.0,0.0,0.0,duke,0,train
Breast_MRI_218,0,256.0,28.0,5.0,0.0,1.0,4.0,2.0,0.7227,2.0,25.0,102.0,155.0,100.0,146.0,5.88731250888,53.0,1.0,1.0,0.0,0.0,0.0,TripleNeg,1.0,0.0,0.0,duke,1,test
Breast_MRI_228,0,256.0,39.0,5.0,0.0,1.0,4.0,1.1,0.7031,2.0,36.0,98.0,159.0,124.0,165.0,7.427553455289,66.0,1.0,1.0,0.0,1.0,0.0,HRposHER2neg,0.0,0.0,1.0,duke,0,train
Breast_MRI_233,0,256.0,21.0,4.0,0.0,1.0,3.0,2.0,0.7031,2.0,18.0,112.0,144.0,160.0,182.0,2.34766629789,45.0,0.0,1.0,0.0,0.0,0.0,TripleNeg,1.0,0.0,0.0,duke,0,train
Breast_MRI_234,0,256.0,53.0,4.0,0.0,1.0,3.0,2.0,0.6641,2.0,50.0,135.0,188.0,92.0,165.0,15.33765892537,43.0,0.0,1.0,0.0,1.0,1.0,HER2pos,0.0,1.0,0.0,duke,0,train
Breast_MRI_237,0,256.0,37.0,4.0,0.0,1.0,3.0,1.1,1.125,2.0,34.0,102.0,136.0,142.0,178.0,18.7833921215242,35.0,0.0,0.0,0.0,1.0,0.0,HRposHER2neg,0.0,0.0,1.0,duke,0,train
Breast_MRI_239,0,256.0,29.0,4.0,0.0,1.0,3.0,2.0,0.6641,2.0,26.0,109.0,147.0,148.0,187.0,4.42616513716,59.0,1.0,1.0,0.0,1.0,1.0,HER2pos,0.0,1.0,0.0,duke,0,train
Breast_MRI_240,0,256.0,30.0,4.0,0.0,1.0,3.0,1.2,0.6641,2.0,27.0,94.0,162.0,131.0,159.0,5.010792927696,37.0,0.0,0.0,0.0,1.0,0.0,HRposHER2neg,0.0,0.0,1.0,duke,0,train
Breast_MRI_244,0,256.0,33.0,5.0,0.0,1.0,4.0,2.0,0.5859,2.0,30.0,112.0,144.0,139.0,174.0,4.12071883524,45.0,0.0,0.0,0.0,1.0,1.0,HER2pos,0.0,1.0,0.0,duke,0,train
Breast_MRI_253,1,256.0,18.0,3.0,0.0,1.0,2.0,2.0,0.78125,2.0,15.0,114.0,143.0,99.0,125.0,3.0157470703125,43.0,0.0,1.0,0.0,1.0,1.0,HER2pos,0.0,1.0,0.0,duke,0,train
Breast_MRI_255,1,256.0,67.0,4.0,0.0,1.0,3.0,2.0,0.6641,2.0,64.0,80.0,176.0,90.0,172.0,47.62493707666,47.0,0.0,0.0,1.0,1.0,1.0,HER2pos,0.0,1.0,0.0,duke,0,train
Breast_MRI_260,0,256.0,19.0,5.0,0.0,1.0,4.0,2.0,0.5469,2.0,16.0,100.0,157.0,103.0,153.0,6.8523720651,45.0,0.0,1.0,0.0,1.0,1.0,HER2pos,0.0,1.0,0.0,duke,0,train
Breast_MRI_265,0,256.0,34.0,5.0,0.0,1.0,4.0,1.1,0.84821426868439,2.0,31.0,98.0,145.0,106.0,151.0,12.4077919422571,42.0,0.0,1.0,0.0,0.0,0.0,TripleNeg,1.0,0.0,0.0,duke,0,train
Breast_MRI_268,0,256.0,42.0,4.0,0.0,1.0,3.0,2.0,0.66964286565781,2.0,39.0,106.0,150.0,102.0,155.0,13.2221583400835,42.0,1.0,1.0,0.0,1.0,0.0,HRposHER2neg,0.0,0.0,1.0,duke,0,train
Breast_MRI_269,0,256.0,76.0,5.0,0.0,1.0,4.0,2.0,0.6836,2.0,73.0,70.0,186.0,87.0,169.0,39.11936765952,54.0,1.0,0.0,1.0,1.0,0.0,HRposHER2neg,0.0,0.0,1.0,duke,0,train
Breast_MRI_283,0,256.0,23.0,4.0,0.0,1.0,3.0,2.0,0.7422,2.0,20.0,112.0,145.0,115.0,142.0,2.97134337096,51.0,1.0,0.0,1.0,0.0,0.0,TripleNeg,1.0,0.0,0.0,duke,0,train
Breast_MRI_285,0,256.0,46.0,4.0,0.0,1.0,3.0,1.1,0.7422,2.0,43.0,79.0,177.0,48.0,153.0,18.265058130132,46.0,0.0,0.0,1.0,1.0,0.0,HRposHER2neg,0.0,0.0,1.0,duke,1,test
Breast_MRI_287,0,256.0,85.0,4.0,0.0,1.0,3.0,2.0,0.6641,2.0,82.0,67.0,190.0,83.0,173.0,9.8966864964,46.0,0.0,1.0,0.0,1.0,0.0,HRposHER2neg,0.0,0.0,1.0,duke,0,train
Breast_MRI_290,0,256.0,21.0,4.0,0.0,1.0,3.0,2.0,0.78125,2.0,18.0,115.0,142.0,118.0,139.0,2.3095703125,40.0,0.0,1.0,0.0,1.0,0.0,HRposHER2neg,0.0,0.0,1.0,duke,0,train
Breast_MRI_293,0,256.0,67.0,4.0,0.0,1.0,3.0,2.0,0.80357140302658,2.0,64.0,80.0,176.0,101.0,200.0,72.9658595191185,50.0,0.0,1.0,0.0,0.0,0.0,TripleNeg,1.0,0.0,0.0,duke,0,train
Breast_MRI_298,0,256.0,30.0,4.0,0.0,1.0,3.0,1.2,0.8008,2.0,27.0,106.0,151.0,110.0,146.0,11.86625696256,42.0,0.0,0.0,1.0,1.0,0.0,HRposHER2neg,0.0,0.0,1.0,duke,0,train
Breast_MRI_301,1,256.0,25.0,5.0,0.0,1.0,4.0,2.0,0.6641,2.0,22.0,114.0,143.0,79.0,115.0,2.00579902788,60.0,1.0,1.0,0.0,1.0,0.0,HRposHER2neg,0.0,0.0,1.0,duke,0,train
Breast_MRI_303,0,256.0,26.0,5.0,0.0,1.0,4.0,2.0,0.7031,2.0,23.0,105.0,151.0,83.0,123.0,5.67315612436,52.0,0.0,0.0,0.0,1.0,0.0,HRposHER2neg,0.0,0.0,1.0,duke,0,train
Breast_MRI_306,0,256.0,20.0,5.0,0.0,1.0,4.0,2.0,0.625,2.0,17.0,111.0,146.0,109.0,148.0,2.380078125,59.0,1.0,1.0,0.0,0.0,1.0,HER2pos,0.0,1.0,0.0,duke,0,train
Breast_MRI_307,0,256.0,32.0,4.0,0.0,1.0,3.0,1.1,0.87053573131561,2.0,29.0,99.0,157.0,108.0,149.0,6.74561843468411,64.0,1.0,1.0,0.0,0.0,0.0,TripleNeg,1.0,0.0,0.0,duke,0,train
Breast_MRI_317,1,256.0,39.0,4.0,0.0,1.0,3.0,2.0,0.7031,2.0,36.0,97.0,159.0,107.0,149.0,9.21368803118,63.0,1.0,0.0,1.0,1.0,0.0,HRposHER2neg,0.0,0.0,1.0,duke,1,test
Breast_MRI_321,0,256.0,42.0,5.0,0.0,1.0,4.0,1.1,1.25,2.0,39.0,36.0,86.0,170.0,199.0,10.8401553101841,45.0,0.0,1.0,0.0,0.0,1.0,HER2pos,0.0,1.0,0.0,duke,0,train
Breast_MRI_323,0,256.0,20.0,4.0,0.0,1.0,3.0,1.1,0.75892859697342,2.0,17.0,106.0,151.0,81.0,115.0,2.68253491665953,42.0,0.0,1.0,0.0,1.0,0.0,HRposHER2neg,0.0,0.0,1.0,duke,0,train
Breast_MRI_328,1,256.0,35.0,5.0,0.0,1.0,4.0,2.0,0.7031,2.0,32.0,109.0,148.0,110.0,147.0,6.12598036712,47.0,0.0,1.0,0.0,1.0,1.0,HER2pos,0.0,1.0,0.0,duke,0,train
Breast_MRI_333,0,256.0,19.0,5.0,0.0,1.0,4.0,2.0,0.6641,2.0,16.0,114.0,143.0,110.0,147.0,2.24615972933,44.0,0.0,1.0,0.0,1.0,0.0,HRposHER2neg,0.0,0.0,1.0,duke,0,train
Breast_MRI_338,1,256.0,33.0,5.0,0.0,1.0,4.0,2.0,0.6641,2.0,30.0,88.0,169.0,103.0,154.0,7.811943311529999,54.0,1.0,1.0,0.0,1.0,0.0,HRposHER2neg,0.0,0.0,1.0,duke,1,test
Breast_MRI_345,0,256.0,26.0,5.0,0.0,1.0,4.0,2.0,0.6445,2.0,23.0,100.0,157.0,106.0,151.0,6.617838143,68.0,1.0,1.0,0.0,1.0,1.0,HER2pos,0.0,1.0,0.0,duke,1,test
Breast_MRI_346,0,256.0,58.0,4.0,0.0,1.0,3.0,1.1,0.7813,2.0,55.0,82.0,174.0,86.0,171.0,34.559354813412,46.0,1.0,0.0,1.0,1.0,0.0,HRposHER2neg,0.0,0.0,1.0,duke,1,test
Breast_MRI_350,1,256.0,35.0,4.0,0.0,1.0,3.0,1.2,0.7031,2.0,32.0,125.0,193.0,99.0,158.0,20.52242970954,51.0,0.0,0.0,1.0,1.0,0.0,HRposHER2neg,0.0,0.0,1.0,duke,0,train
Breast_MRI_356,0,256.0,69.0,5.0,0.0,1.0,4.0,1.1,0.75892859697342,2.0,66.0,90.0,167.0,134.0,197.0,15.7784245546738,38.0,0.0,1.0,0.0,1.0,0.0,HRposHER2neg,0.0,0.0,1.0,duke,0,train
Breast_MRI_368,0,256.0,27.0,4.0,0.0,1.0,3.0,2.0,0.78125,2.0,24.0,111.0,146.0,118.0,152.0,5.7025146484375,39.0,0.0,0.0,1.0,1.0,1.0,HER2pos,0.0,1.0,0.0,duke,0,train
Breast_MRI_372,0,256.0,9.0,4.0,0.0,1.0,3.0,1.5,0.5859,2.0,6.0,114.0,142.0,118.0,138.0,0.31307027472,54.0,1.0,1.0,0.0,1.0,0.0,HRposHER2neg,0.0,0.0,1.0,duke,0,train
Breast_MRI_377,1,256.0,24.0,4.0,0.0,1.0,3.0,2.0,0.7031,2.0,21.0,113.0,144.0,110.0,146.0,3.85691565722,46.0,0.0,0.0,1.0,0.0,0.0,TripleNeg,1.0,0.0,0.0,duke,0,train
Breast_MRI_378,0,256.0,44.0,5.0,0.0,1.0,4.0,2.0,0.6055,2.0,41.0,100.0,156.0,105.0,151.0,5.9621411255000005,72.0,1.0,1.0,0.0,1.0,0.0,HRposHER2neg,0.0,0.0,1.0,duke,0,train
Breast_MRI_383,0,256.0,101.0,5.0,0.0,1.0,4.0,2.0,0.5664,2.0,98.0,67.0,190.0,66.0,191.0,95.2754489856,43.0,0.0,1.0,0.0,0.0,0.0,TripleNeg,1.0,0.0,0.0,duke,0,train
Breast_MRI_385,0,256.0,135.0,4.0,0.0,1.0,3.0,1.1,0.89285713434219,2.0,132.0,64.0,168.0,108.0,221.0,33.714684398915,40.0,0.0,1.0,0.0,1.0,0.0,HRposHER2neg,0.0,0.0,1.0,duke,0,train
Breast_MRI_386,0,256.0,39.0,5.0,0.0,1.0,4.0,1.1,0.80357140302658,2.0,36.0,93.0,163.0,142.0,180.0,9.11101444601966,51.0,1.0,0.0,1.0,0.0,1.0,HER2pos,0.0,1.0,0.0,duke,0,train
Breast_MRI_387,0,256.0,47.0,5.0,0.0,1.0,4.0,1.2,0.6055,2.0,44.0,87.0,170.0,83.0,174.0,29.3745622821,39.0,0.0,1.0,0.0,1.0,0.0,HRposHER2neg,0.0,0.0,1.0,duke,0,train
Breast_MRI_397,0,256.0,22.0,4.0,0.0,1.0,3.0,2.0,0.6641,2.0,19.0,98.0,159.0,110.0,147.0,1.67635050681,50.0,1.0,1.0,0.0,1.0,1.0,HER2pos,0.0,1.0,0.0,duke,0,train
Breast_MRI_398,1,256.0,21.0,4.0,0.0,1.0,3.0,2.0,0.66964286565781,2.0,18.0,116.0,141.0,58.0,87.0,1.09818441887216,26.0,0.0,1.0,0.0,0.0,0.0,TripleNeg,1.0,0.0,0.0,duke,0,train
Breast_MRI_399,0,256.0,23.0,5.0,0.0,1.0,4.0,2.0,0.6836,2.0,20.0,110.0,146.0,115.0,142.0,1.35472867504,54.0,1.0,0.0,0.0,1.0,0.0,HRposHER2neg,0.0,0.0,1.0,duke,0,train
Breast_MRI_400,0,256.0,60.0,5.0,0.0,1.0,4.0,2.0,0.6836,2.0,57.0,92.0,165.0,91.0,166.0,33.01163955232,43.0,1.0,0.0,1.0,0.0,1.0,HER2pos,0.0,1.0,0.0,duke,1,test
Breast_MRI_407,0,256.0,59.0,4.0,0.0,1.0,3.0,2.0,0.7031,2.0,56.0,76.0,180.0,84.0,172.0,32.75659385782,45.0,0.0,0.0,1.0,1.0,0.0,HRposHER2neg,0.0,0.0,1.0,duke,1,test
Breast_MRI_408,1,256.0,10.0,5.0,0.0,1.0,4.0,2.0,0.625,2.0,7.0,117.0,140.0,139.0,153.0,0.237890625,34.0,0.0,0.0,1.0,1.0,0.0,HRposHER2neg,0.0,0.0,1.0,duke,0,train
Breast_MRI_412,0,256.0,50.0,4.0,0.0,1.0,3.0,1.2,0.7813,2.0,47.0,90.0,176.0,84.0,173.0,14.571200872176,60.0,1.0,1.0,0.0,1.0,0.0,HRposHER2neg,0.0,0.0,1.0,duke,0,train
Breast_MRI_414,0,256.0,48.0,4.0,0.0,1.0,3.0,2.0,0.7422,2.0,45.0,91.0,165.0,97.0,174.0,11.4248538216,42.0,0.0,0.0,1.0,1.0,1.0,HER2pos,0.0,1.0,0.0,duke,0,train
Breast_MRI_420,1,256.0,86.0,4.0,0.0,1.0,3.0,1.2,1.25,2.0,83.0,50.0,127.0,71.0,142.0,158.651256304232,23.0,0.0,0.0,1.0,0.0,0.0,TripleNeg,1.0,0.0,0.0,duke,0,train
Breast_MRI_424,1,256.0,30.0,5.0,0.0,1.0,4.0,2.0,0.7227,2.0,27.0,87.0,170.0,114.0,170.0,3.4534164574800004,36.0,0.0,1.0,0.0,1.0,1.0,HER2pos,0.0,1.0,0.0,duke,0,train
Breast_MRI_428,0,256.0,28.0,4.0,0.0,1.0,3.0,2.0,0.71428573131561,2.0,25.0,106.0,151.0,110.0,146.0,3.86122467391342,42.0,0.0,1.0,0.0,1.0,0.0,HRposHER2neg,0.0,0.0,1.0,duke,1,test
Breast_MRI_431,0,256.0,17.0,5.0,0.0,1.0,4.0,1.2,1.1875,2.0,14.0,114.0,143.0,130.0,154.0,1.40282349324318,51.0,1.0,0.0,0.0,0.0,1.0,HER2pos,0.0,1.0,0.0,duke,0,train
Breast_MRI_435,0,256.0,31.0,5.0,0.0,1.0,4.0,2.0,0.7422,2.0,28.0,103.0,154.0,110.0,147.0,6.3745616404800005,55.0,1.0,0.0,1.0,1.0,1.0,HER2pos,0.0,1.0,0.0,duke,0,train
Breast_MRI_438,1,256.0,26.0,4.0,0.0,1.0,3.0,1.2,0.6641,2.0,23.0,112.0,170.0,105.0,152.0,2.012149842744,51.0,1.0,1.0,0.0,0.0,0.0,TripleNeg,1.0,0.0,0.0,duke,0,train
Breast_MRI_441,0,256.0,52.0,5.0,0.0,1.0,4.0,2.0,0.6641,2.0,49.0,87.0,170.0,129.0,207.0,31.26144513923,37.0,0.0,1.0,0.0,1.0,0.0,HRposHER2neg,0.0,0.0,1.0,duke,0,train
Breast_MRI_442,0,256.0,21.0,5.0,0.0,1.0,4.0,2.0,0.6641,2.0,18.0,104.0,152.0,108.0,149.0,1.88848536442,70.0,1.0,0.0,1.0,1.0,0.0,HRposHER2neg,0.0,0.0,1.0,duke,1,test
Breast_MRI_444,1,256.0,35.0,4.0,0.0,1.0,3.0,1.2,0.7031,2.0,32.0,97.0,160.0,97.0,159.0,18.099721140852,61.0,1.0,1.0,0.0,0.0,1.0,HER2pos,0.0,1.0,0.0,duke,0,train
Breast_MRI_450,0,256.0,11.0,4.0,0.0,1.0,3.0,2.0,0.5469,2.0,8.0,118.0,138.0,117.0,139.0,0.35054474292,73.0,1.0,1.0,0.0,1.0,0.0,HRposHER2neg,0.0,0.0,1.0,duke,0,train
Breast_MRI_454,0,256.0,39.0,4.0,0.0,1.0,3.0,2.0,0.71428573131561,2.0,36.0,105.0,152.0,58.0,110.0,15.2663272585673,58.0,1.0,0.0,1.0,1.0,0.0,HRposHER2neg,0.0,0.0,1.0,duke,0,train
Breast_MRI_464,0,256.0,38.0,5.0,0.0,1.0,4.0,1.1,0.80357140302658,2.0,35.0,98.0,158.0,70.0,125.0,16.3688569352556,52.0,1.0,1.0,0.0,1.0,0.0,HRposHER2neg,0.0,0.0,1.0,duke,0,train
Breast_MRI_465,0,256.0,22.0,4.0,0.0,1.0,3.0,1.1,0.7422,2.0,19.0,113.0,143.0,97.0,135.0,5.989179396816,34.0,0.0,1.0,0.0,1.0,0.0,HRposHER2neg,0.0,0.0,1.0,duke,0,train
Breast_MRI_468,0,256.0,21.0,4.0,0.0,1.0,3.0,1.5,0.5859,2.0,18.0,101.0,130.0,132.0,163.0,2.516405316705,58.0,1.0,1.0,0.0,0.0,1.0,HER2pos,0.0,1.0,0.0,duke,0,train
Breast_MRI_470,1,256.0,30.0,5.0,0.0,1.0,4.0,2.2,0.7227,2.0,27.0,94.0,162.0,94.0,162.0,17.893000962936,38.0,1.0,0.0,1.0,0.0,1.0,HER2pos,0.0,1.0,0.0,duke,1,test
Breast_MRI_473,0,256.0,23.0,5.0,0.0,1.0,4.0,2.0,0.6641,2.0,20.0,106.0,150.0,80.0,119.0,3.77741175765,35.0,0.0,1.0,0.0,1.0,1.0,HER2pos,0.0,1.0,0.0,duke,0,train
Breast_MRI_474,0,256.0,41.0,4.0,0.0,1.0,3.0,1.2,0.83705359697342,2.0,38.0,102.0,155.0,105.0,151.0,18.105582679917,41.0,0.0,0.0,1.0,0.0,0.0,TripleNeg,1.0,0.0,0.0,duke,1,test
Breast_MRI_480,0,256.0,42.0,4.0,0.0,1.0,3.0,2.0,0.7031,2.0,39.0,92.0,164.0,96.0,133.0,8.71192317703,54.0,1.0,1.0,0.0,1.0,0.0,HRposHER2neg,0.0,0.0,1.0,duke,0,train
Breast_MRI_482,1,256.0,15.0,4.0,0.0,1.0,3.0,2.0,0.78125,2.0,12.0,120.0,136.0,110.0,123.0,0.4119873046875,39.0,0.0,1.0,0.0,0.0,0.0,TripleNeg,1.0,0.0,0.0,duke,0,train
Breast_MRI_486,0,256.0,27.0,5.0,0.0,1.0,4.0,2.0,0.6641,2.0,24.0,112.0,145.0,112.0,144.0,3.37431142531,46.0,0.0,1.0,0.0,1.0,0.0,HRposHER2neg,0.0,0.0,1.0,duke,0,train
Breast_MRI_489,1,256.0,56.0,4.0,0.0,1.0,3.0,1.1,0.75892859697342,2.0,53.0,96.0,161.0,87.0,169.0,45.5181952178761,29.0,0.0,1.0,0.0,0.0,0.0,TripleNeg,1.0,0.0,0.0,duke,0,train
Breast_MRI_491,0,256.0,35.0,4.0,0.0,1.0,3.0,2.0,0.7031,2.0,32.0,106.0,151.0,105.0,152.0,9.51178084601,65.0,1.0,1.0,0.0,1.0,1.0,HER2pos,0.0,1.0,0.0,duke,0,train
Breast_MRI_501,1,256.0,34.0,4.0,0.0,1.0,3.0,2.0,0.7031,2.0,31.0,106.0,150.0,108.0,148.0,6.15564134372,54.0,1.0,1.0,0.0,1.0,0.0,HRposHER2neg,0.0,0.0,1.0,duke,0,train
Breast_MRI_506,0,256.0,19.0,5.0,0.0,1.0,4.0,1.1,0.75892859697342,2.0,16.0,69.0,118.0,103.0,153.0,1.8639624160458,45.0,1.0,0.0,1.0,1.0,0.0,HRposHER2neg,0.0,0.0,1.0,duke,0,train
Breast_MRI_507,1,256.0,28.0,5.0,0.0,1.0,4.0,2.0,0.7422,2.0,25.0,106.0,150.0,78.0,114.0,9.94524160536,59.0,1.0,0.0,1.0,1.0,0.0,HRposHER2neg,0.0,0.0,1.0,duke,1,test
Breast_MRI_508,0,256.0,44.0,4.0,0.0,1.0,3.0,2.0,0.7031,2.0,41.0,99.0,157.0,107.0,150.0,16.6002599038,40.0,0.0,0.0,1.0,1.0,1.0,HER2pos,0.0,1.0,0.0,duke,0,train
Breast_MRI_512,1,256.0,42.0,4.0,0.0,1.0,3.0,2.0,0.78125,2.0,39.0,91.0,165.0,60.0,104.0,25.3985595703125,43.0,0.0,1.0,0.0,1.0,0.0,HRposHER2neg,0.0,0.0,1.0,duke,0,train
Breast_MRI_514,0,256.0,27.0,4.0,0.0,1.0,3.0,2.0,0.7031,2.0,24.0,111.0,145.0,114.0,145.0,3.9646838722,49.0,0.0,1.0,0.0,0.0,0.0,TripleNeg,1.0,0.0,0.0,duke,1,test
Breast_MRI_517,0,256.0,36.0,5.0,0.0,1.0,4.0,2.0,0.6836,2.0,33.0,99.0,157.0,94.0,162.0,3.25293767056,72.0,1.0,1.0,0.0,1.0,0.0,HRposHER2neg,0.0,0.0,1.0,duke,0,train
Breast_MRI_521,0,256.0,41.0,4.0,0.0,1.0,3.0,2.0,0.625,2.0,38.0,105.0,166.0,98.0,158.0,3.680859375,61.0,1.0,1.0,0.0,1.0,0.0,HRposHER2neg,0.0,0.0,1.0,duke,0,train
Breast_MRI_525,1,256.0,32.0,4.0,0.0,1.0,3.0,2.0,0.7422,2.0,29.0,148.0,187.0,108.0,149.0,6.65274636468,44.0,0.0,0.0,0.0,0.0,1.0,HER2pos,0.0,1.0,0.0,duke,0,train
Breast_MRI_527,0,256.0,85.0,4.0,0.0,1.0,3.0,2.0,0.80357140302658,2.0,82.0,86.0,170.0,91.0,165.0,27.789507161762,32.0,0.0,1.0,0.0,1.0,0.0,HRposHER2neg,0.0,0.0,1.0,duke,0,train
Breast_MRI_530,0,256.0,36.0,5.0,0.0,1.0,4.0,2.0,0.6641,2.0,33.0,85.0,172.0,92.0,160.0,7.45823820591,45.0,1.0,0.0,0.0,1.0,0.0,HRposHER2neg,0.0,0.0,1.0,duke,0,train
Breast_MRI_534,0,256.0,41.0,4.0,0.0,1.0,3.0,2.0,0.80357140302658,2.0,38.0,100.0,152.0,140.0,186.0,3.97638686453505,37.0,0.0,1.0,0.0,1.0,0.0,HRposHER2neg,0.0,0.0,1.0,duke,0,train
Breast_MRI_539,1,256.0,66.0,4.0,0.0,1.0,3.0,2.0,0.6641,2.0,63.0,91.0,165.0,96.0,161.0,16.26778868566,64.0,1.0,1.0,0.0,1.0,1.0,HER2pos,0.0,1.0,0.0,duke,0,train
Breast_MRI_541,0,256.0,26.0,5.0,0.0,1.0,4.0,1.1,0.71428573131561,2.0,23.0,106.0,151.0,135.0,168.0,3.89265333121176,44.0,0.0,1.0,0.0,1.0,1.0,HER2pos,0.0,1.0,0.0,duke,0,train
Breast_MRI_543,0,256.0,59.0,4.0,0.0,1.0,3.0,1.3,0.7031,2.0,56.0,100.0,217.0,64.0,193.0,110.007025493768,38.0,0.0,0.0,1.0,0.0,0.0,TripleNeg,1.0,0.0,0.0,duke,0,train
Breast_MRI_545,0,256.0,32.0,5.0,0.0,1.0,4.0,1.1,0.84821426868439,2.0,29.0,110.0,146.0,114.0,143.0,5.96409746631261,30.0,0.0,1.0,0.0,1.0,1.0,HER2pos,0.0,1.0,0.0,duke,1,test
Breast_MRI_546,0,256.0,47.0,4.0,0.0,1.0,3.0,2.0,0.78125,2.0,44.0,102.0,154.0,97.0,159.0,16.77978515625,68.0,1.0,0.0,1.0,1.0,1.0,HER2pos,0.0,1.0,0.0,duke,1,test
Breast_MRI_558,0,256.0,21.0,4.0,0.0,1.0,3.0,2.0,0.6641,2.0,18.0,102.0,154.0,105.0,152.0,2.24130841242,69.0,1.0,1.0,0.0,0.0,1.0,HER2pos,0.0,1.0,0.0,duke,0,train
Breast_MRI_559,1,256.0,30.0,4.0,0.0,1.0,3.0,1.1,0.75892859697342,2.0,27.0,93.0,163.0,54.0,114.0,10.9918040314422,42.0,0.0,1.0,0.0,0.0,1.0,HER2pos,0.0,1.0,0.0,duke,0,train
Breast_MRI_560,0,256.0,31.0,5.0,0.0,1.0,4.0,1.2,0.6836,2.0,28.0,101.0,156.0,97.0,159.0,13.869543009216,45.0,0.0,1.0,0.0,1.0,0.0,HRposHER2neg,0.0,0.0,1.0,duke,0,train
Breast_MRI_562,1,256.0,36.0,4.0,0.0,1.0,3.0,2.0,0.78125,2.0,33.0,83.0,174.0,128.0,161.0,9.632568359375,51.0,0.0,1.0,0.0,0.0,0.0,TripleNeg,1.0,0.0,0.0,duke,0,train
Breast_MRI_567,0,256.0,57.0,4.0,0.0,1.0,3.0,2.0,0.7813,2.0,54.0,127.0,203.0,107.0,152.0,16.605518857070003,68.0,1.0,1.0,0.0,0.0,1.0,HER2pos,0.0,1.0,0.0,duke,1,test
Breast_MRI_568,0,256.0,27.0,5.0,0.0,1.0,4.0,1.1,0.80357140302658,2.0,24.0,107.0,150.0,115.0,153.0,5.68594921964507,42.0,0.0,1.0,0.0,0.0,0.0,TripleNeg,1.0,0.0,0.0,duke,0,train
Breast_MRI_573,0,256.0,31.0,4.0,0.0,1.0,3.0,2.0,0.7422,2.0,28.0,98.0,159.0,151.0,192.0,4.30001971704,60.0,1.0,1.0,0.0,1.0,0.0,HRposHER2neg,0.0,0.0,1.0,duke,0,train
Breast_MRI_585,0,256.0,20.0,5.0,0.0,1.0,4.0,2.0,0.5859,2.0,17.0,111.0,146.0,80.0,125.0,1.09986530724,50.0,1.0,1.0,0.0,1.0,0.0,HRposHER2neg,0.0,0.0,1.0,duke,0,train
Breast_MRI_590,0,256.0,49.0,5.0,0.0,1.0,4.0,2.0,0.6641,2.0,46.0,100.0,157.0,104.0,153.0,17.329345031330003,30.0,0.0,1.0,0.0,1.0,0.0,HRposHER2neg,0.0,0.0,1.0,duke,0,train
Breast_MRI_592,0,256.0,68.0,5.0,0.0,1.0,4.0,2.0,0.6641,2.0,65.0,70.0,187.0,96.0,177.0,28.11955589679,50.0,0.0,1.0,0.0,1.0,0.0,HRposHER2neg,0.0,0.0,1.0,duke,0,train
Breast_MRI_595,0,256.0,32.0,4.0,0.0,1.0,3.0,2.0,0.75892859697342,2.0,29.0,79.0,123.0,116.0,159.0,5.68081790474378,47.0,1.0,1.0,0.0,1.0,0.0,HRposHER2neg,0.0,0.0,1.0,duke,0,train
Breast_MRI_596,0,256.0,17.0,5.0,0.0,1.0,4.0,2.5,0.71428573131561,2.0,14.0,79.0,142.0,109.0,165.0,10.1772964036586,71.0,1.0,1.0,0.0,1.0,0.0,HRposHER2neg,0.0,0.0,1.0,duke,0,train
Breast_MRI_597,0,256.0,48.0,5.0,0.0,1.0,4.0,2.0,0.6641,2.0,45.0,75.0,181.0,78.0,200.0,45.10798565799,27.0,0.0,0.0,1.0,1.0,0.0,HRposHER2neg,0.0,0.0,1.0,duke,0,train
Breast_MRI_600,0,256.0,30.0,5.0,0.0,1.0,4.0,1.1,0.82589286565781,2.0,27.0,113.0,152.0,111.0,146.0,7.62088794787928,56.0,1.0,1.0,0.0,1.0,0.0,HRposHER2neg,0.0,0.0,1.0,duke,0,train
Breast_MRI_605,0,256.0,31.0,4.0,0.0,1.0,3.0,1.1,0.75892859697342,2.0,28.0,111.0,145.0,110.0,147.0,5.85672006839885,43.0,0.0,0.0,1.0,1.0,0.0,HRposHER2neg,0.0,0.0,1.0,duke,0,train
Breast_MRI_607,0,256.0,26.0,4.0,0.0,1.0,3.0,2.0,0.84821426868439,2.0,23.0,109.0,147.0,111.0,145.0,7.59685675808823,48.0,0.0,0.0,1.0,0.0,0.0,TripleNeg,1.0,0.0,0.0,duke,0,train
Breast_MRI_609,0,256.0,31.0,5.0,0.0,1.0,4.0,2.0,0.7031,2.0,28.0,114.0,161.0,104.0,152.0,4.79865166427,68.0,1.0,1.0,0.0,1.0,0.0,HRposHER2neg,0.0,0.0,1.0,duke,0,train
Breast_MRI_610,0,256.0,15.0,5.0,0.0,1.0,4.0,1.2,0.6836,2.0,12.0,122.0,134.0,119.0,137.0,0.8226506931840001,53.0,1.0,1.0,0.0,1.0,1.0,HER2pos,0.0,1.0,0.0,duke,0,train
Breast_MRI_612,0,256.0,30.0,4.0,0.0,1.0,3.0,1.3,0.87053573131561,2.0,27.0,112.0,144.0,160.0,191.0,6.411565505155391,42.0,0.0,0.0,1.0,0.0,0.0,TripleNeg,1.0,0.0,0.0,duke,0,train
Breast_MRI_614,1,256.0,20.0,4.0,0.0,1.0,3.0,1.1,1.125,2.0,17.0,108.0,131.0,156.0,183.0,2.88878881204882,45.0,0.0,0.0,1.0,0.0,0.0,TripleNeg,1.0,0.0,0.0,duke,0,train
Breast_MRI_615,1,256.0,28.0,4.0,0.0,1.0,3.0,1.1,0.7031,2.0,25.0,111.0,146.0,111.0,142.0,2.339905009013,34.0,0.0,1.0,0.0,1.0,0.0,HRposHER2neg,0.0,0.0,1.0,duke,0,train
Breast_MRI_618,0,256.0,53.0,5.0,0.0,1.0,4.0,2.0,0.7422,2.0,50.0,99.0,158.0,99.0,157.0,22.8028844718,51.0,0.0,1.0,0.0,1.0,0.0,HRposHER2neg,0.0,0.0,1.0,duke,0,train
Breast_MRI_623,0,256.0,17.0,5.0,0.0,1.0,4.0,1.1,0.7813,2.0,14.0,116.0,140.0,56.0,70.0,1.079056563013,56.0,0.0,0.0,1.0,1.0,0.0,HRposHER2neg,0.0,0.0,1.0,duke,0,train
Breast_MRI_626,0,256.0,17.0,4.0,0.0,1.0,3.0,1.1,0.7031,2.0,14.0,117.0,140.0,113.0,131.0,0.910839156425,68.0,1.0,1.0,0.0,1.0,0.0,HRposHER2neg,0.0,0.0,1.0,duke,0,train
Breast_MRI_633,1,256.0,60.0,4.0,0.0,1.0,3.0,2.0,0.7031,2.0,57.0,95.0,161.0,94.0,163.0,25.900953466340003,37.0,0.0,0.0,1.0,1.0,0.0,HRposHER2neg,0.0,0.0,1.0,duke,0,train
Breast_MRI_636,0,256.0,37.0,5.0,0.0,1.0,4.0,2.0,0.6836,2.0,34.0,101.0,155.0,107.0,150.0,2.88843668176,61.0,1.0,1.0,0.0,0.0,0.0,TripleNeg,1.0,0.0,0.0,duke,1,test
Breast_MRI_640,0,256.0,36.0,5.0,0.0,1.0,4.0,2.0,0.625,2.0,33.0,94.0,162.0,134.0,180.0,3.459375,61.0,1.0,1.0,0.0,1.0,0.0,HRposHER2neg,0.0,0.0,1.0,duke,0,train
Breast_MRI_641,0,256.0,22.0,4.0,0.0,1.0,3.0,2.0,0.78125,2.0,19.0,103.0,154.0,83.0,112.0,4.210205078125,55.0,0.0,0.0,1.0,0.0,0.0,TripleNeg,1.0,0.0,0.0,duke,1,test
Breast_MRI_642,0,256.0,24.0,4.0,0.0,1.0,3.0,1.1,0.6641,2.0,21.0,114.0,142.0,114.0,143.0,1.702327103719,64.0,1.0,1.0,0.0,1.0,1.0,HER2pos,0.0,1.0,0.0,duke,0,train
Breast_MRI_648,0,256.0,23.0,5.0,0.0,1.0,4.0,2.0,0.5859,2.0,20.0,104.0,152.0,97.0,158.0,1.90004821335,61.0,1.0,0.0,0.0,1.0,0.0,HRposHER2neg,0.0,0.0,1.0,duke,0,train
Breast_MRI_650,0,256.0,27.0,5.0,0.0,1.0,4.0,2.0,0.7031,2.0,24.0,92.0,164.0,79.0,126.0,6.41764663702,41.0,0.0,1.0,0.0,1.0,0.0,HRposHER2neg,0.0,0.0,1.0,duke,0,train
Breast_MRI_651,0,256.0,10.0,5.0,0.0,1.0,4.0,1.1,1.125,2.0,7.0,101.0,115.0,188.0,200.0,0.0654328139182205,66.0,1.0,1.0,0.0,1.0,0.0,HRposHER2neg,0.0,0.0,1.0,duke,0,train
Breast_MRI_652,1,256.0,86.0,5.0,0.0,1.0,4.0,2.0,0.6836,2.0,83.0,71.0,185.0,114.0,188.0,27.1670063896,43.0,0.0,1.0,0.0,0.0,1.0,HER2pos,0.0,1.0,0.0,duke,0,train
Breast_MRI_656,1,256.0,20.0,4.0,0.0,1.0,3.0,2.0,0.71428573131561,2.0,17.0,95.0,122.0,114.0,143.0,1.06581637735269,65.0,1.0,1.0,0.0,0.0,0.0,TripleNeg,1.0,0.0,0.0,duke,0,train
Breast_MRI_660,0,256.0,33.0,4.0,0.0,1.0,3.0,1.1,0.7031,2.0,30.0,106.0,151.0,136.0,182.0,8.990390312343,25.0,0.0,1.0,0.0,0.0,0.0,TripleNeg,1.0,0.0,0.0,duke,0,train
Breast_MRI_662,0,256.0,17.0,4.0,0.0,1.0,3.0,2.0,0.78125,2.0,14.0,114.0,143.0,109.0,129.0,1.5155029296875,66.0,1.0,1.0,0.0,0.0,0.0,TripleNeg,1.0,0.0,0.0,duke,0,train
Breast_MRI_666,0,256.0,30.0,5.0,0.0,1.0,4.0,1.1,0.7422,2.0,27.0,108.0,149.0,104.0,152.0,8.251179264108,39.0,1.0,1.0,0.0,1.0,1.0,HER2pos,0.0,1.0,0.0,duke,0,train
Breast_MRI_670,0,256.0,17.0,5.0,0.0,1.0,4.0,2.0,0.5273,2.0,14.0,114.0,142.0,84.0,111.0,0.92644690628,72.0,1.0,0.0,1.0,1.0,0.0,HRposHER2neg,0.0,0.0,1.0,duke,0,train
Breast_MRI_677,0,256.0,29.0,5.0,0.0,1.0,4.0,2.0,0.6641,2.0,26.0,111.0,146.0,111.0,146.0,3.6384876825,48.0,0.0,1.0,0.0,1.0,0.0,HRposHER2neg,0.0,0.0,1.0,duke,0,train
Breast_MRI_679,0,256.0,42.0,4.0,0.0,1.0,3.0,2.0,0.71428573131561,2.0,39.0,96.0,161.0,114.0,185.0,29.2647973138214,40.0,0.0,0.0,1.0,0.0,1.0,HER2pos,0.0,1.0,0.0,duke,0,train
Breast_MRI_681,0,256.0,81.0,5.0,0.0,1.0,4.0,1.1,0.625,2.0,78.0,72.0,185.0,46.0,152.0,35.9313289037919,41.0,0.0,0.0,0.0,1.0,1.0,HER2pos,0.0,1.0,0.0,duke,0,train
Breast_MRI_684,0,256.0,19.0,4.0,0.0,1.0,3.0,2.0,0.6641,2.0,16.0,170.0,194.0,109.0,147.0,0.91689889599,60.0,1.0,1.0,0.0,1.0,0.0,HRposHER2neg,0.0,0.0,1.0,duke,0,train
Breast_MRI_685,0,256.0,49.0,4.0,0.0,1.0,3.0,2.0,0.5859,2.0,46.0,90.0,166.0,94.0,162.0,17.65448591949,50.0,1.0,1.0,0.0,1.0,0.0,HRposHER2neg,0.0,0.0,1.0,duke,0,train
Breast_MRI_687,0,256.0,23.0,4.0,0.0,1.0,3.0,1.1,0.7031,2.0,20.0,111.0,145.0,115.0,142.0,2.627567047072,59.0,1.0,1.0,0.0,0.0,1.0,HER2pos,0.0,1.0,0.0,duke,0,train
Breast_MRI_693,0,256.0,38.0,4.0,0.0,1.0,3.0,2.0,0.75892859697342,2.0,35.0,116.0,140.0,118.0,139.0,3.70695975209683,54.0,1.0,1.0,0.0,1.0,1.0,HER2pos,0.0,1.0,0.0,duke,0,train
Breast_MRI_694,0,256.0,61.0,4.0,0.0,1.0,3.0,2.0,0.7031,2.0,58.0,64.0,192.0,101.0,168.0,35.045926901730006,44.0,0.0,1.0,0.0,1.0,0.0,HRposHER2neg,0.0,0.0,1.0,duke,0,train
Breast_MRI_697,0,256.0,17.0,4.0,0.0,1.0,3.0,2.0,0.82589286565781,2.0,14.0,76.0,95.0,120.0,132.0,0.6398088859607121,57.0,1.0,1.0,0.0,1.0,0.0,HRposHER2neg,0.0,0.0,1.0,duke,0,train
Breast_MRI_705,0,256.0,26.0,5.0,0.0,1.0,4.0,2.0,0.625,2.0,23.0,107.0,150.0,91.0,134.0,2.62265625,69.0,1.0,1.0,0.0,1.0,0.0,HRposHER2neg,0.0,0.0,1.0,duke,0,train
Breast_MRI_717,0,256.0,75.0,5.0,0.0,1.0,4.0,1.12,0.89285713434219,2.0,72.0,46.0,211.0,39.0,192.0,146.534819257512,46.0,0.0,0.0,1.0,1.0,1.0,HER2pos,0.0,1.0,0.0,duke,0,train
Breast_MRI_718,0,256.0,32.0,4.0,0.0,1.0,3.0,1.3,0.80357140302658,2.0,29.0,91.0,165.0,99.0,139.0,18.3183702935377,36.0,0.0,0.0,0.0,1.0,0.0,HRposHER2neg,0.0,0.0,1.0,duke,1,test
Breast_MRI_723,0,256.0,27.0,5.0,0.0,1.0,4.0,2.0,0.6641,2.0,24.0,73.0,184.0,99.0,157.0,4.07863443488,60.0,1.0,1.0,0.0,0.0,0.0,TripleNeg,1.0,0.0,0.0,duke,0,train
Breast_MRI_724,0,256.0,45.0,4.0,0.0,1.0,3.0,2.0,0.87053573131561,2.0,42.0,106.0,150.0,140.0,187.0,25.1494280008742,72.0,1.0,0.0,1.0,1.0,0.0,HRposHER2neg,0.0,0.0,1.0,duke,0,train
Breast_MRI_725,0,256.0,50.0,4.0,0.0,1.0,3.0,2.0,0.75892859697342,2.0,47.0,42.0,215.0,110.0,203.0,43.975509178463696,49.0,0.0,0.0,1.0,1.0,0.0,HRposHER2neg,0.0,0.0,1.0,duke,1,test
Breast_MRI_735,1,256.0,36.0,5.0,0.0,1.0,4.0,1.6,0.625,2.0,33.0,66.0,190.0,133.0,200.0,19.799375,33.0,0.0,0.0,1.0,1.0,1.0,HER2pos,0.0,1.0,0.0,duke,0,train
Breast_MRI_746,0,256.0,28.0,5.0,0.0,1.0,4.0,2.0,0.6836,2.0,25.0,168.0,209.0,100.0,156.0,6.1708148168,54.0,1.0,0.0,1.0,1.0,0.0,HRposHER2neg,0.0,0.0,1.0,duke,0,train
Breast_MRI_757,0,256.0,30.0,4.0,0.0,1.0,3.0,2.0,0.6641,2.0,27.0,106.0,151.0,107.0,149.0,6.03944852414,42.0,0.0,0.0,1.0,0.0,0.0,TripleNeg,1.0,0.0,0.0,duke,0,train
Breast_MRI_758,0,256.0,17.0,5.0,0.0,1.0,4.0,1.2,0.7422,2.0,14.0,118.0,139.0,119.0,146.0,1.475425673856,60.0,1.0,1.0,0.0,0.0,1.0,HER2pos,0.0,1.0,0.0,duke,0,train
Breast_MRI_762,0,256.0,42.0,5.0,0.0,1.0,4.0,2.0,0.625,2.0,39.0,98.0,159.0,82.0,142.0,10.274609375,34.0,0.0,0.0,0.0,0.0,0.0,TripleNeg,1.0,0.0,0.0,duke,0,train
Breast_MRI_774,1,256.0,16.0,4.0,0.0,1.0,3.0,1.1,0.625,2.0,13.0,111.0,146.0,143.0,164.0,0.653125,42.0,0.0,1.0,0.0,0.0,0.0,TripleNeg,1.0,0.0,0.0,duke,0,train
Breast_MRI_775,1,256.0,53.0,5.0,0.0,1.0,4.0,2.2,0.6836,2.0,50.0,85.0,172.0,106.0,150.0,22.182875945824,47.0,0.0,1.0,0.0,0.0,1.0,HER2pos,0.0,1.0,0.0,duke,1,test
Breast_MRI_776,0,256.0,115.0,4.0,0.0,1.0,3.0,2.0,0.89285713434219,2.0,112.0,49.0,207.0,64.0,204.0,138.22624098599198,42.0,0.0,0.0,1.0,1.0,0.0,HRposHER2neg,0.0,0.0,1.0,duke,0,train
Breast_MRI_778,0,256.0,54.0,4.0,0.0,1.0,3.0,2.0,0.98214286565781,2.0,51.0,89.0,167.0,126.0,204.0,53.4178740129761,52.0,1.0,0.0,1.0,0.0,0.0,TripleNeg,1.0,0.0,0.0,duke,0,train
Breast_MRI_780,1,256.0,23.0,4.0,0.0,1.0,3.0,2.0,0.78125,2.0,20.0,115.0,142.0,109.0,147.0,2.5250244140625,52.0,0.0,1.0,0.0,0.0,0.0,TripleNeg,1.0,0.0,0.0,duke,1,test
Breast_MRI_789,0,256.0,29.0,5.0,0.0,1.0,4.0,2.0,0.7617,2.0,26.0,103.0,153.0,90.0,126.0,3.37610751291,45.0,0.0,0.0,1.0,1.0,0.0,HRposHER2neg,0.0,0.0,1.0,duke,0,train
Breast_MRI_790,0,256.0,18.0,5.0,0.0,1.0,4.0,2.0,0.6641,2.0,15.0,117.0,139.0,179.0,200.0,0.56142967513,52.0,0.0,0.0,1.0,0.0,0.0,TripleNeg,1.0,0.0,0.0,duke,1,test
Breast_MRI_805,0,256.0,21.0,5.0,0.0,1.0,4.0,1.1,1.0,2.0,18.0,98.0,158.0,60.0,87.0,3.64539968395244,49.0,0.0,0.0,0.0,1.0,0.0,HRposHER2neg,0.0,0.0,1.0,duke,0,train
Breast_MRI_809,0,256.0,43.0,4.0,0.0,1.0,3.0,2.0,0.7031,2.0,40.0,100.0,156.0,124.0,186.0,22.11571850257,51.0,1.0,0.0,1.0,1.0,0.0,HRposHER2neg,0.0,0.0,1.0,duke,0,train
Breast_MRI_812,1,256.0,24.0,5.0,0.0,1.0,4.0,2.0,0.6836,2.0,21.0,107.0,150.0,108.0,138.0,2.43187582784,59.0,1.0,1.0,0.0,1.0,1.0,HER2pos,0.0,1.0,0.0,duke,0,train
Breast_MRI_816,0,256.0,16.0,5.0,0.0,1.0,4.0,1.1,0.6836,2.0,13.0,117.0,140.0,112.0,145.0,1.022425273584,50.0,1.0,0.0,1.0,1.0,0.0,HRposHER2neg,0.0,0.0,1.0,duke,0,train
Breast_MRI_817,1,256.0,55.0,4.0,0.0,1.0,3.0,1.3,0.625,2.0,52.0,85.0,171.0,107.0,149.0,29.7217578125,29.0,0.0,1.0,0.0,0.0,0.0,TripleNeg,1.0,0.0,0.0,duke,0,train
Breast_MRI_830,1,256.0,33.0,4.0,0.0,1.0,3.0,2.0,0.75892859697342,2.0,30.0,106.0,150.0,77.0,118.0,6.20840882036229,38.0,0.0,1.0,0.0,0.0,0.0,TripleNeg,1.0,0.0,0.0,duke,0,train
Breast_MRI_831,0,256.0,70.0,4.0,0.0,1.0,3.0,1.1,0.7031,2.0,67.0,78.0,179.0,84.0,172.0,59.565074338198,38.0,0.0,0.0,1.0,1.0,0.0,HRposHER2neg,0.0,0.0,1.0,duke,0,train
Breast_MRI_832,0,256.0,26.0,5.0,0.0,1.0,4.0,1.2,0.5859,2.0,23.0,106.0,151.0,99.0,144.0,4.47360945192,57.0,1.0,1.0,0.0,0.0,0.0,TripleNeg,1.0,0.0,0.0,duke,1,test
Breast_MRI_836,0,256.0,10.0,5.0,0.0,1.0,4.0,2.0,0.5664,2.0,7.0,117.0,140.0,112.0,145.0,0.68107742208,52.0,0.0,1.0,0.0,1.0,0.0,HRposHER2neg,0.0,0.0,1.0,duke,0,train
Breast_MRI_839,0,256.0,48.0,4.0,0.0,1.0,3.0,2.0,0.6641,2.0,45.0,91.0,165.0,101.0,152.0,14.598053611,37.0,0.0,1.0,0.0,0.0,0.0,TripleNeg,1.0,0.0,0.0,duke,1,test
Breast_MRI_847,0,256.0,19.0,5.0,0.0,1.0,4.0,1.1,0.73660713434219,2.0,16.0,112.0,144.0,106.0,151.0,4.06394545610172,29.0,0.0,1.0,0.0,1.0,1.0,HER2pos,0.0,1.0,0.0,duke,0,train
Breast_MRI_850,0,256.0,55.0,4.0,0.0,1.0,3.0,2.0,0.71428573131561,2.0,52.0,92.0,165.0,112.0,188.0,36.302042547342495,25.0,0.0,1.0,0.0,0.0,0.0,TripleNeg,1.0,0.0,0.0,duke,1,test
Breast_MRI_851,0,256.0,26.0,5.0,0.0,1.0,4.0,1.1,0.66964286565781,2.0,23.0,93.0,164.0,56.0,122.0,6.17220844678775,65.0,1.0,1.0,0.0,1.0,0.0,HRposHER2neg,0.0,0.0,1.0,duke,0,train
Breast_MRI_857,0,256.0,43.0,5.0,0.0,1.0,4.0,1.1,0.84821426868439,2.0,40.0,67.0,190.0,115.0,201.0,15.4309942141937,62.0,1.0,0.0,1.0,1.0,0.0,HRposHER2neg,0.0,0.0,1.0,duke,0,train
Breast_MRI_860,0,256.0,35.0,5.0,0.0,1.0,4.0,2.0,0.6836,2.0,32.0,105.0,152.0,91.0,132.0,5.5175168907200005,48.0,0.0,1.0,0.0,1.0,0.0,HRposHER2neg,0.0,0.0,1.0,duke,0,train
Breast_MRI_865,0,256.0,27.0,5.0,0.0,1.0,4.0,2.0,0.6055,2.0,24.0,100.0,157.0,87.0,125.0,5.888815075499999,46.0,0.0,1.0,0.0,1.0,0.0,HRposHER2neg,0.0,0.0,1.0,duke,0,train
Breast_MRI_874,0,256.0,99.0,4.0,0.0,1.0,3.0,1.1,0.7813,2.0,96.0,46.0,211.0,77.0,185.0,49.33309625673,32.0,0.0,1.0,0.0,1.0,0.0,HRposHER2neg,0.0,0.0,1.0,duke,0,train
Breast_MRI_877,0,256.0,19.0,5.0,0.0,1.0,4.0,2.0,0.7813,2.0,16.0,121.0,158.0,108.0,149.0,2.83361462098,55.0,1.0,0.0,0.0,1.0,0.0,HRposHER2neg,0.0,0.0,1.0,duke,0,train
Breast_MRI_879,0,256.0,58.0,5.0,0.0,1.0,4.0,2.0,0.7227,2.0,55.0,47.0,210.0,95.0,161.0,12.36847476249,72.0,1.0,0.0,1.0,0.0,0.0,TripleNeg,1.0,0.0,0.0,duke,0,train
Breast_MRI_882,1,256.0,32.0,5.0,0.0,1.0,4.0,2.0,0.6836,2.0,29.0,91.0,166.0,133.0,164.0,5.25675849104,48.0,0.0,0.0,1.0,0.0,0.0,TripleNeg,1.0,0.0,0.0,duke,0,train
Breast_MRI_883,1,256.0,24.0,5.0,0.0,1.0,4.0,1.1,0.80357140302658,2.0,21.0,111.0,146.0,154.0,192.0,5.997770794588759,45.0,0.0,1.0,0.0,1.0,1.0,HER2pos,0.0,1.0,0.0,duke,0,train
Breast_MRI_884,0,256.0,36.0,5.0,0.0,1.0,4.0,1.2,0.7031,2.0,33.0,94.0,163.0,100.0,157.0,21.386157348132,55.0,1.0,1.0,0.0,0.0,0.0,TripleNeg,1.0,0.0,0.0,duke,0,train
Breast_MRI_885,0,256.0,23.0,4.0,0.0,1.0,3.0,2.0,0.6641,2.0,20.0,115.0,142.0,114.0,142.0,2.0723943781900003,34.0,0.0,1.0,0.0,1.0,1.0,HER2pos,0.0,1.0,0.0,duke,1,test
Breast_MRI_886,0,256.0,31.0,4.0,0.0,1.0,3.0,2.0,0.78125,2.0,28.0,110.0,147.0,87.0,117.0,2.4041748046875,70.0,1.0,1.0,0.0,0.0,0.0,TripleNeg,1.0,0.0,0.0,duke,1,test
Breast_MRI_891,0,256.0,19.0,4.0,0.0,1.0,3.0,2.0,0.7031,2.0,16.0,115.0,142.0,115.0,142.0,1.11574706977,42.0,0.0,1.0,0.0,1.0,1.0,HER2pos,0.0,1.0,0.0,duke,0,train
Breast_MRI_899,0,256.0,33.0,5.0,0.0,1.0,4.0,2.0,0.5664,2.0,30.0,71.0,185.0,88.0,169.0,7.663163627519999,44.0,0.0,1.0,0.0,1.0,0.0,HRposHER2neg,0.0,0.0,1.0,duke,0,train
Breast_MRI_900,0,256.0,25.0,4.0,0.0,1.0,3.0,2.0,0.75892859697342,2.0,22.0,110.0,147.0,106.0,133.0,2.82399373283573,68.0,1.0,1.0,0.0,1.0,0.0,HRposHER2neg,0.0,0.0,1.0,duke,0,train
Breast_MRI_901,0,256.0,31.0,4.0,0.0,1.0,3.0,2.0,0.80357140302658,2.0,28.0,109.0,147.0,80.0,114.0,5.23361733307187,73.0,0.0,1.0,0.0,1.0,0.0,HRposHER2neg,0.0,0.0,1.0,duke,0,train
Breast_MRI_907,0,256.0,50.0,5.0,0.0,1.0,4.0,1.1,0.75892859697342,2.0,47.0,93.0,164.0,153.0,233.0,42.8299581722015,50.0,1.0,0.0,0.0,0.0,1.0,HER2pos,0.0,1.0,0.0,duke,1,test
Breast_MRI_914,0,256.0,37.0,4.0,0.0,1.0,3.0,2.0,0.6641,2.0,34.0,95.0,162.0,106.0,163.0,20.55502974767,50.0,0.0,1.0,0.0,0.0,0.0,TripleNeg,1.0,0.0,0.0,duke,0,train
Breast_MRI_916,0,256.0,18.0,4.0,0.0,1.0,3.0,1.3,0.6641,2.0,15.0,115.0,142.0,115.0,141.0,1.945907315482,64.0,1.0,0.0,0.0,1.0,0.0,HRposHER2neg,0.0,0.0,1.0,duke,0,train
Breast_MRI_917,0,256.0,85.0,4.0,0.0,1.0,3.0,1.1,0.7031,2.0,82.0,72.0,185.0,74.0,182.0,61.891384732936,41.0,0.0,0.0,1.0,0.0,0.0,TripleNeg,1.0,0.0,0.0,duke,1,test
ISPY2-756412,0,256.0,76.0,7.0,0.0,2.0,5.0,2.4,0.5469,3.0,46.0,15.0,178.0,46.0,127.0,14.520448586592003,46.0,0.0,1.0,0.0,1.0,0.0,HRposHER2neg,0.0,0.0,1.0,spy2,0,train
ISPY2-111881,1,256.0,134.0,6.0,0.0,2.0,5.0,1.2,0.6641,68.0,105.0,93.0,168.0,92.0,152.0,8.455051522272,37.0,0.0,1.0,0.0,1.0,1.0,HER2pos,0.0,1.0,0.0,spy2,0,train
ISPY2-451816,0,256.0,80.0,8.0,0.0,2.0,5.0,2.0,0.6055,17.0,64.0,25.0,176.0,59.0,194.0,17.246286960000003,43.0,0.0,1.0,0.0,1.0,0.0,HRposHER2neg,0.0,0.0,1.0,spy2,0,train
ISPY2-243836,1,256.0,66.0,7.0,0.0,2.0,6.0,2.4,0.5078,9.0,27.0,91.0,175.0,111.0,193.0,15.241432242048,31.0,0.0,1.0,0.0,1.0,0.0,HRposHER2neg,0.0,0.0,1.0,spy2,0,train
ISPY2-402265,0,256.0,134.0,6.0,0.0,2.0,5.0,1.2,0.7813,47.0,116.0,60.0,176.0,73.0,167.0,83.90673512488799,56.0,1.0,1.0,0.0,1.0,1.0,HER2pos,0.0,1.0,0.0,spy2,1,test
ISPY2-611662,0,256.0,66.0,8.0,0.0,2.0,6.0,2.4,0.625,15.0,41.0,61.0,200.0,51.0,166.0,55.3115625,55.0,1.0,0.0,1.0,0.0,1.0,HER2pos,0.0,1.0,0.0,spy2,0,train
ISPY2-139137,0,256.0,200.0,7.0,0.0,2.0,5.0,0.799997,0.625,43.0,126.0,90.0,221.0,67.0,161.0,44.88608167656249,54.0,1.0,1.0,0.0,1.0,0.0,HRposHER2neg,0.0,0.0,1.0,spy2,1,test
ISPY2-685753,0,256.0,80.0,8.0,0.0,2.0,6.0,2.0,0.703125,32.0,49.0,28.0,173.0,106.0,175.0,10.5620361328125,46.0,0.0,1.0,0.0,1.0,0.0,HRposHER2neg,0.0,0.0,1.0,spy2,0,train
ISPY2-627981,1,384.0,220.0,8.0,0.0,2.0,6.0,1.0,0.989583,82.0,128.0,164.0,209.0,274.0,310.0,8.612719349653755,64.0,1.0,1.0,0.0,0.0,0.0,TripleNeg,1.0,0.0,0.0,spy2,1,test
ISPY2-108939,1,384.0,160.0,6.0,0.0,2.0,5.0,1.0,0.78125,49.0,75.0,145.0,193.0,45.0,79.0,1.4190673828125,34.0,0.0,1.0,0.0,1.0,1.0,HER2pos,0.0,1.0,0.0,spy2,0,train
ISPY2-629210,0,256.0,80.0,7.0,0.0,2.0,5.0,2.0,0.703125,6.0,61.0,41.0,189.0,53.0,228.0,110.5938720703125,40.0,0.0,1.0,0.0,1.0,0.0,HRposHER2neg,0.0,0.0,1.0,spy2,0,train
ISPY2-809037,0,256.0,64.0,8.0,0.0,2.0,5.0,2.5,0.7031,36.0,55.0,45.0,111.0,45.0,109.0,5.909949587549999,52.0,0.0,1.0,0.0,1.0,0.0,HRposHER2neg,0.0,0.0,1.0,spy2,0,train
ACRIN-6698-107700,0,256.0,80.0,8.0,0.0,2.0,6.0,2.0,0.6641,23.0,46.0,162.0,234.0,105.0,167.0,3.0977863614400003,68.0,1.0,0.0,0.0,1.0,1.0,HER2pos,0.0,1.0,0.0,spy2,0,train
ISPY2-373672,0,256.0,134.0,7.0,0.0,2.0,5.0,1.1999986395,0.7031000257,53.0,123.0,73.0,227.0,45.0,189.0,159.77935893807654,67.0,1.0,0.0,1.0,0.0,0.0,TripleNeg,1.0,0.0,0.0,spy2,0,train
ISPY2-615873,1,256.0,134.0,6.0,0.0,2.0,5.0,1.2,0.6641,42.0,100.0,58.0,195.0,92.0,193.0,10.41004403124,48.0,0.0,1.0,0.0,0.0,0.0,TripleNeg,1.0,0.0,0.0,spy2,0,train
ISPY2-607047,1,256.0,160.0,7.0,0.0,2.0,5.0,0.8999999762,1.25,27.0,105.0,70.0,141.0,36.0,93.0,35.35312406510626,41.0,0.0,1.0,0.0,1.0,0.0,HRposHER2neg,0.0,0.0,1.0,spy2,0,train
ISPY2-155171,0,256.0,134.0,6.0,0.0,2.0,5.0,1.2,0.7031,11.0,120.0,106.0,241.0,70.0,221.0,150.23937189385197,50.0,0.0,1.0,0.0,1.0,0.0,HRposHER2neg,0.0,0.0,1.0,spy2,0,train
ISPY2-815421,0,256.0,80.0,8.0,0.0,2.0,6.0,2.0,0.703125,16.0,51.0,29.0,135.0,74.0,185.0,27.54415283203125,68.0,1.0,0.0,1.0,1.0,1.0,HER2pos,0.0,1.0,0.0,spy2,0,train
ISPY2-609897,0,256.0,80.0,7.0,0.0,2.0,6.0,2.0,0.6055,35.0,50.0,74.0,128.0,164.0,218.0,4.8549177705,47.0,0.0,1.0,0.0,1.0,0.0,HRposHER2neg,0.0,0.0,1.0,spy2,0,train
ISPY2-605713,0,256.0,80.0,9.0,0.0,2.0,5.0,2.0,0.5664,20.0,74.0,63.0,211.0,85.0,203.0,73.57753497600001,38.0,0.0,0.0,1.0,1.0,0.0,HRposHER2neg,0.0,0.0,1.0,spy2,0,train
ISPY2-246134,0,256.0,160.0,7.0,0.0,2.0,6.0,1.0,0.5625,53.0,99.0,94.0,217.0,96.0,183.0,13.313109375,68.0,1.0,1.0,0.0,1.0,1.0,HER2pos,0.0,1.0,0.0,spy2,1,test
ACRIN-6698-373346,0,256.0,72.0,7.0,0.0,2.0,6.0,2.2,0.7031,30.0,60.0,143.0,220.0,95.0,171.0,8.889790166708,59.0,1.0,1.0,0.0,1.0,0.0,HRposHER2neg,0.0,0.0,1.0,spy2,0,train
ISPY2-208265,1,384.0,160.0,6.0,0.0,2.0,5.0,1.0,0.833333,61.0,131.0,135.0,192.0,56.0,135.0,18.27151316055848,41.0,0.0,1.0,0.0,0.0,0.0,TripleNeg,1.0,0.0,0.0,spy2,0,train
ISPY2-395076,1,256.0,80.0,8.0,0.0,2.0,5.0,2.0,0.5859,27.0,58.0,25.0,177.0,80.0,156.0,7.807533254639999,53.0,0.0,1.0,0.0,0.0,0.0,TripleNeg,1.0,0.0,0.0,spy2,0,train
ISPY2-637752,1,384.0,160.0,6.0,0.0,2.0,5.0,1.0,0.7552083135,55.0,119.0,129.0,258.0,39.0,112.0,15.101451843527975,48.0,0.0,1.0,0.0,0.0,0.0,TripleNeg,1.0,0.0,0.0,spy2,0,train
ISPY2-331192,1,256.0,160.0,7.0,0.0,2.0,5.0,1.1000000238,1.25,42.0,105.0,86.0,144.0,194.0,240.0,58.57500126735,42.0,0.0,0.0,1.0,1.0,0.0,HRposHER2neg,0.0,0.0,1.0,spy2,0,train
ISPY2-327133,0,384.0,144.0,6.0,0.0,2.0,5.0,1.2000000477,1.09375,12.0,134.0,70.0,226.0,32.0,187.0,433.37869886742754,38.0,0.0,1.0,0.0,0.0,0.0,TripleNeg,1.0,0.0,0.0,spy2,0,train
ISPY2-541165,0,256.0,134.0,6.0,0.0,2.0,5.0,1.2,0.7031,14.0,39.0,121.0,190.0,99.0,169.0,7.449057663323999,49.0,0.0,0.0,0.0,0.0,0.0,TripleNeg,1.0,0.0,0.0,spy2,0,train
ISPY2-802778,0,256.0,66.0,7.0,0.0,2.0,5.0,2.4,0.625,12.0,26.0,120.0,184.0,83.0,164.0,8.5040625,64.0,1.0,1.0,0.0,1.0,0.0,HRposHER2neg,0.0,0.0,1.0,spy2,0,train
ISPY2-794428,0,256.0,80.0,8.0,0.0,2.0,5.0,2.0,0.6641,23.0,56.0,52.0,226.0,76.0,190.0,18.14039701292,56.0,1.0,1.0,0.0,0.0,0.0,TripleNeg,1.0,0.0,0.0,spy2,0,train
ISPY2-625800,0,256.0,80.0,8.0,0.0,2.0,6.0,2.0,0.7227,3.0,56.0,52.0,221.0,48.0,217.0,79.75240160184,50.0,0.0,1.0,0.0,1.0,1.0,HER2pos,0.0,1.0,0.0,spy2,0,train
ISPY2-613188,0,256.0,66.0,6.0,0.0,2.0,5.0,2.4,0.6445,15.0,29.0,25.0,104.0,129.0,202.0,14.7154268886,53.0,1.0,1.0,0.0,0.0,0.0,TripleNeg,1.0,0.0,0.0,spy2,0,train
ISPY2-159284,0,256.0,64.0,7.0,0.0,2.0,5.0,2.5,0.6055,1.0,57.0,40.0,233.0,25.0,212.0,153.26977601250002,35.0,1.0,1.0,0.0,0.0,0.0,TripleNeg,1.0,0.0,0.0,spy2,0,train
ACRIN-6698-641977,0,256.0,80.0,8.0,0.0,2.0,6.0,2.0,0.6836,52.0,72.0,59.0,119.0,110.0,163.0,12.03133648416,57.0,1.0,0.0,0.0,1.0,0.0,HRposHER2neg,0.0,0.0,1.0,spy2,0,train
ACRIN-6698-326433,1,384.0,160.0,7.0,0.0,2.0,5.0,1.0,0.78125,71.0,102.0,186.0,213.0,273.0,301.0,2.6544189453125,39.0,0.0,1.0,0.0,0.0,0.0,TripleNeg,1.0,0.0,0.0,spy2,0,train
ISPY2-539876,0,256.0,80.0,8.0,0.0,2.0,5.0,2.0,0.5469,36.0,55.0,50.0,137.0,113.0,174.0,7.489454234400002,59.0,1.0,1.0,0.0,1.0,0.0,HRposHER2neg,0.0,0.0,1.0,spy2,0,train
ISPY2-109623,0,256.0,80.0,8.0,0.0,2.0,6.0,2.0,0.5664,34.0,61.0,66.0,200.0,68.0,135.0,3.825967656960001,44.0,0.0,1.0,0.0,1.0,0.0,HRposHER2neg,0.0,0.0,1.0,spy2,0,train
ISPY2-153327,1,256.0,80.0,8.0,0.0,2.0,6.0,2.0,0.6445,58.0,74.0,59.0,112.0,83.0,126.0,7.707795919,56.0,1.0,1.0,0.0,0.0,0.0,TripleNeg,1.0,0.0,0.0,spy2,0,train
ISPY2-622315,0,256.0,66.0,7.0,0.0,2.0,6.0,2.4,0.5859,14.0,58.0,30.0,186.0,52.0,218.0,214.37157513794395,48.0,0.0,1.0,0.0,0.0,0.0,TripleNeg,1.0,0.0,0.0,spy2,1,test
ISPY2-597873,0,256.0,64.0,7.0,0.0,2.0,5.0,2.5,0.6055,6.0,60.0,34.0,224.0,70.0,222.0,308.23979980937503,36.0,0.0,0.0,1.0,0.0,0.0,TripleNeg,1.0,0.0,0.0,spy2,0,train
ISPY2-111646,0,256.0,80.0,8.0,0.0,2.0,6.0,2.0,0.6445,25.0,64.0,82.0,182.0,111.0,195.0,12.81032691,66.0,,1.0,0.0,1.0,0.0,HRposHER2neg,0.0,0.0,1.0,spy2,0,train
ISPY2-574091,1,256.0,80.0,8.0,0.0,2.0,6.0,2.0,0.625,13.0,24.0,100.0,153.0,87.0,133.0,2.35,57.0,1.0,1.0,0.0,0.0,0.0,TripleNeg,1.0,0.0,0.0,spy2,0,train
ISPY2-515284,0,384.0,160.0,7.0,0.0,2.0,5.0,1.0,0.9114583135,36.0,78.0,175.0,222.0,31.0,83.0,15.634002005155084,36.0,0.0,1.0,0.0,0.0,0.0,TripleNeg,1.0,0.0,0.0,spy2,0,train
ISPY2-769972,0,320.0,76.0,7.0,0.0,2.0,6.0,2.4,0.5469,16.0,34.0,185.0,269.0,158.0,244.0,23.192662318776005,45.0,0.0,1.0,0.0,1.0,0.0,HRposHER2neg,0.0,0.0,1.0,spy2,0,train
ISPY2-494296,0,256.0,80.0,8.0,0.0,2.0,6.0,2.0,0.5664,32.0,75.0,55.0,191.0,91.0,185.0,29.831383572480004,50.0,0.0,1.0,0.0,1.0,0.0,HRposHER2neg,0.0,0.0,1.0,spy2,0,train
ISPY2-918979,0,256.0,160.0,7.0,0.0,2.0,6.0,1.0,0.5733944774,84.0,110.0,89.0,131.0,111.0,145.0,1.4032382756103123,60.0,1.0,1.0,0.0,0.0,0.0,TripleNeg,1.0,0.0,0.0,spy2,1,test
ISPY2-196024,0,256.0,72.0,7.0,0.0,2.0,6.0,2.2,0.7031,17.0,64.0,52.0,200.0,56.0,189.0,169.605320125758,67.0,1.0,1.0,0.0,0.0,0.0,TripleNeg,1.0,0.0,0.0,spy2,0,train
ISPY2-221375,0,256.0,64.0,7.0,0.0,2.0,5.0,2.5,0.6055,8.0,40.0,25.0,188.0,91.0,197.0,54.44459212500001,46.0,0.0,1.0,0.0,1.0,0.0,HRposHER2neg,0.0,0.0,1.0,spy2,0,train
ACRIN-6698-845783,1,256.0,72.0,7.0,0.0,2.0,6.0,2.2,0.7031,54.0,71.0,82.0,135.0,81.0,138.0,8.576570253812001,34.0,0.0,0.0,1.0,1.0,0.0,HRposHER2neg,0.0,0.0,1.0,spy2,0,train
ISPY2-483910,0,256.0,248.0,7.0,0.0,2.0,6.0,0.899998,1.25,42.0,123.0,79.0,129.0,44.0,77.0,35.64273329375,50.0,0.0,0.0,0.0,0.0,0.0,TripleNeg,1.0,0.0,0.0,spy2,0,train
ISPY2-767081,1,256.0,64.0,9.0,0.0,2.0,5.0,2.5000000002,0.961538434,33.0,48.0,115.0,159.0,108.0,149.0,19.665309526031827,61.0,1.0,1.0,0.0,0.0,1.0,HER2pos,0.0,1.0,0.0,spy2,1,test
ISPY2-425173,1,256.0,80.0,8.0,0.0,2.0,6.0,2.0,0.5859,16.0,39.0,111.0,182.0,104.0,169.0,14.7129297966,55.0,1.0,1.0,0.0,1.0,0.0,HRposHER2neg,0.0,0.0,1.0,spy2,0,train
ISPY2-464547,1,384.0,64.0,8.0,0.0,2.0,6.0,2.5000000002,0.9375,24.0,56.0,195.0,263.0,269.0,326.0,19.74902343907992,41.0,0.0,1.0,0.0,1.0,1.0,HER2pos,0.0,1.0,0.0,spy2,0,train
ISPY2-847272,0,256.0,72.0,7.0,0.0,2.0,6.0,2.2,0.7031,30.0,70.0,21.0,179.0,23.0,131.0,173.082278672732,51.0,0.0,0.0,1.0,0.0,0.0,TripleNeg,1.0,0.0,0.0,spy2,0,train
ACRIN-6698-884011,0,256.0,80.0,8.0,0.0,2.0,6.0,2.0,0.6445,37.0,55.0,130.0,182.0,132.0,188.0,7.851517485499999,66.0,1.0,1.0,0.0,1.0,0.0,HRposHER2neg,0.0,0.0,1.0,spy2,0,train
ISPY2-213328,1,312.0,80.0,8.0,0.0,2.0,6.0,2.0,0.6055,52.0,72.0,11.0,93.0,191.0,242.0,6.388165476000001,32.0,0.0,1.0,0.0,0.0,0.0,TripleNeg,1.0,0.0,0.0,spy2,0,train
ACRIN-6698-949444,0,256.0,80.0,8.0,0.0,2.0,6.0,2.0,0.625,10.0,71.0,65.0,174.0,66.0,194.0,84.50859375,34.0,0.0,0.0,0.0,0.0,0.0,TripleNeg,1.0,0.0,0.0,spy2,0,train
ISPY2-797639,0,320.0,90.0,8.0,0.0,2.0,5.0,2.0,0.5664,36.0,72.0,138.0,241.0,162.0,243.0,22.189714145280004,57.0,1.0,1.0,0.0,1.0,0.0,HRposHER2neg,0.0,0.0,1.0,spy2,1,test
ACRIN-6698-264305,1,256.0,160.0,7.0,0.0,2.0,6.0,1.0,0.64453125,70.0,135.0,55.0,157.0,79.0,168.0,24.086913299560543,42.0,0.0,1.0,0.0,0.0,0.0,TripleNeg,1.0,0.0,0.0,spy2,0,train
ACRIN-6698-277888,1,256.0,134.0,6.0,0.0,2.0,5.0,1.2,0.7813,56.0,93.0,74.0,122.0,137.0,179.0,9.649428367644,48.0,0.0,1.0,0.0,1.0,0.0,HRposHER2neg,0.0,0.0,1.0,spy2,0,train
ACRIN-6698-753109,1,256.0,80.0,8.0,0.0,2.0,6.0,2.0,0.6641,38.0,75.0,1.0,80.0,67.0,138.0,3.7610936916800006,65.0,1.0,1.0,0.0,0.0,0.0,TripleNeg,1.0,0.0,0.0,spy2,0,train
ACRIN-6698-220471,0,384.0,160.0,7.0,0.0,2.0,5.0,1.0,0.8333333135,60.0,86.0,135.0,172.0,267.0,301.0,3.813194262936391,50.0,1.0,1.0,0.0,0.0,1.0,HER2pos,0.0,1.0,0.0,spy2,0,train
ISPY2-494946,1,256.0,80.0,9.0,0.0,2.0,6.0,2.0,0.703125,42.0,73.0,87.0,172.0,69.0,145.0,26.55439453125,51.0,1.0,1.0,0.0,0.0,0.0,TripleNeg,1.0,0.0,0.0,spy2,0,train
ISPY2-326202,0,256.0,134.0,6.0,0.0,2.0,5.0,1.2,0.6641,62.0,100.0,98.0,180.0,115.0,199.0,19.70869546128,45.0,0.0,0.0,0.0,1.0,0.0,HRposHER2neg,0.0,0.0,1.0,spy2,0,train
ACRIN-6698-266840,0,256.0,80.0,8.0,0.0,2.0,6.0,2.0,0.6055,20.0,59.0,46.0,169.0,41.0,132.0,18.231789072,37.0,0.0,1.0,0.0,1.0,1.0,HER2pos,0.0,1.0,0.0,spy2,0,train
ISPY2-873686,0,256.0,160.0,7.0,0.0,2.0,6.0,1.0,0.64453125,91.0,141.0,93.0,184.0,57.0,130.0,8.022185897827148,60.0,1.0,1.0,0.0,1.0,0.0,HRposHER2neg,0.0,0.0,1.0,spy2,0,train
ISPY2-916586,0,384.0,144.0,6.0,0.0,2.0,5.0,1.2000000477,0.9375,36.0,86.0,187.0,268.0,66.0,125.0,11.29886763662997,46.0,0.0,0.0,0.0,1.0,0.0,HRposHER2neg,0.0,0.0,1.0,spy2,0,train
ISPY2-456506,0,256.0,134.0,6.0,0.0,2.0,5.0,1.2,0.7031,35.0,72.0,57.0,169.0,73.0,129.0,18.57370354692,47.0,0.0,1.0,0.0,1.0,0.0,HRposHER2neg,0.0,0.0,1.0,spy2,1,test
ISPY2-452703,0,384.0,160.0,7.0,0.0,2.0,5.0,1.0,0.9114583135,24.0,105.0,92.0,199.0,42.0,133.0,133.57896011546288,45.0,0.0,1.0,0.0,1.0,0.0,HRposHER2neg,0.0,0.0,1.0,spy2,0,train
ACRIN-6698-220925,0,256.0,80.0,8.0,0.0,2.0,6.0,2.0,0.6641,18.0,59.0,48.0,222.0,57.0,143.0,62.17535957618001,37.0,0.0,1.0,0.0,0.0,1.0,HER2pos,0.0,1.0,0.0,spy2,0,train
ISPY2-120001,0,256.0,64.0,7.0,0.0,2.0,6.0,2.5,0.8999999762,26.0,44.0,58.0,181.0,151.0,199.0,0.7674749594091006,53.0,1.0,0.0,1.0,0.0,0.0,TripleNeg,1.0,0.0,0.0,spy2,0,train
ISPY2-131595,0,256.0,72.0,8.0,0.0,2.0,5.0,2.2,0.7031,7.0,27.0,129.0,197.0,71.0,142.0,8.381895377393999,43.0,0.0,1.0,0.0,1.0,0.0,HRposHER2neg,0.0,0.0,1.0,spy2,0,train
ISPY2-167271,0,256.0,72.0,7.0,0.0,2.0,6.0,2.2,0.7031,48.0,62.0,69.0,126.0,146.0,189.0,3.048456305026,33.0,0.0,0.0,1.0,1.0,1.0,HER2pos,0.0,1.0,0.0,spy2,0,train
ISPY2-166412,0,256.0,134.0,6.0,0.0,2.0,5.0,1.2,0.625,51.0,105.0,120.0,223.0,88.0,156.0,16.84125,37.0,0.0,1.0,0.0,1.0,1.0,HER2pos,0.0,1.0,0.0,spy2,0,train
ISPY2-884266,0,256.0,80.0,7.0,0.0,2.0,6.0,2.0,0.5859,21.0,59.0,61.0,191.0,59.0,175.0,56.65679447526,49.0,0.0,1.0,0.0,1.0,0.0,HRposHER2neg,0.0,0.0,1.0,spy2,0,train
ISPY2-604199,0,384.0,80.0,8.0,0.0,2.0,6.0,2.5,0.9114583135,26.0,43.0,129.0,191.0,39.0,80.0,13.927628652767153,60.0,1.0,0.0,0.0,1.0,0.0,HRposHER2neg,0.0,0.0,1.0,spy2,0,train
ACRIN-6698-689480,0,256.0,158.0,7.0,0.0,2.0,6.0,1.0,0.64453125,48.0,105.0,20.0,124.0,72.0,163.0,12.807415008544922,54.0,0.0,1.0,0.0,1.0,0.0,HRposHER2neg,0.0,0.0,1.0,spy2,0,train
ISPY2-146033,1,256.0,80.0,8.0,0.0,2.0,5.0,2.0,0.6641,47.0,62.0,98.0,162.0,159.0,200.0,4.83455781522,53.0,0.0,1.0,0.0,1.0,1.0,HER2pos,0.0,1.0,0.0,spy2,0,train
ACRIN-6698-564701,0,384.0,160.0,7.0,0.0,2.0,5.0,1.0,0.8333333135,68.0,109.0,144.0,204.0,264.0,320.0,7.772221852264448,31.0,0.0,1.0,0.0,0.0,0.0,TripleNeg,1.0,0.0,0.0,spy2,1,test
ISPY2-498024,0,256.0,72.0,8.0,0.0,2.0,6.0,2.2,0.5859,41.0,56.0,56.0,105.0,110.0,139.0,2.281499627022,57.0,1.0,1.0,0.0,0.0,0.0,TripleNeg,1.0,0.0,0.0,spy2,0,train
ACRIN-6698-641697,0,256.0,160.0,7.0,0.0,2.0,5.0,1.0,0.625,58.0,93.0,95.0,155.0,55.0,111.0,13.788671875,26.0,0.0,1.0,0.0,1.0,0.0,HRposHER2neg,0.0,0.0,1.0,spy2,0,train
ISPY2-672734,0,256.0,80.0,8.0,0.0,2.0,6.0,2.0,0.6641,35.0,59.0,80.0,161.0,121.0,196.0,13.830663481600002,39.0,0.0,1.0,0.0,1.0,0.0,HRposHER2neg,0.0,0.0,1.0,spy2,0,train
ACRIN-6698-522140,0,256.0,72.0,7.0,0.0,2.0,5.0,2.2,0.7031,26.0,53.0,84.0,152.0,78.0,145.0,9.698941608356,55.0,1.0,0.0,1.0,1.0,0.0,HRposHER2neg,0.0,0.0,1.0,spy2,0,train
ACRIN-6698-413211,0,256.0,70.0,8.0,0.0,2.0,6.0,2.3,0.6445,13.0,49.0,74.0,226.0,57.0,177.0,40.78876210504999,66.0,1.0,1.0,0.0,1.0,1.0,HER2pos,0.0,1.0,0.0,spy2,1,test
ISPY2-279902,1,256.0,72.0,7.0,0.0,2.0,6.0,2.2,0.7031,45.0,63.0,115.0,179.0,105.0,157.0,3.71404861993,42.0,0.0,1.0,0.0,1.0,0.0,HRposHER2neg,0.0,0.0,1.0,spy2,0,train
ACRIN-6698-638126,0,256.0,72.0,8.0,0.0,2.0,6.0,2.2,0.7813,9.0,71.0,88.0,226.0,59.0,195.0,78.113757366788,58.0,,1.0,0.0,1.0,0.0,HRposHER2neg,0.0,0.0,1.0,spy2,0,train
ACRIN-6698-306401,1,256.0,72.0,8.0,0.0,2.0,6.0,2.2,0.7422,37.0,53.0,16.0,83.0,130.0,188.0,10.993089095208,58.0,1.0,1.0,0.0,1.0,0.0,HRposHER2neg,0.0,0.0,1.0,spy2,1,test
ACRIN-6698-571995,0,256.0,80.0,8.0,0.0,2.0,6.0,2.0,0.6055,16.0,70.0,81.0,180.0,87.0,190.0,35.725918081,57.0,1.0,1.0,0.0,0.0,0.0,TripleNeg,1.0,0.0,0.0,spy2,0,train
ACRIN-6698-506623,0,256.0,80.0,7.0,0.0,2.0,5.0,2.0,0.6641,3.0,79.0,31.0,199.0,46.0,193.0,41.00509463856,69.0,1.0,1.0,0.0,0.0,0.0,TripleNeg,1.0,0.0,0.0,spy2,0,train
ISPY2-498985,0,384.0,72.0,9.0,0.0,2.0,6.0,2.5,0.9375,8.0,54.0,146.0,256.0,228.0,347.0,101.696044921875,25.0,0.0,1.0,0.0,1.0,1.0,HER2pos,0.0,1.0,0.0,spy2,0,train
ISPY2-240035,0,256.0,80.0,8.0,0.0,2.0,5.0,2.0,0.6445,21.0,59.0,72.0,216.0,121.0,204.0,33.977273689499995,68.0,1.0,1.0,0.0,1.0,0.0,HRposHER2neg,0.0,0.0,1.0,spy2,1,test
ISPY2-172168,0,384.0,160.0,7.0,0.0,2.0,5.0,1.0,0.78125,84.0,120.0,177.0,214.0,266.0,311.0,7.335205078125,40.0,0.0,1.0,0.0,0.0,0.0,TripleNeg,1.0,0.0,0.0,spy2,0,train
ISPY2-104384,0,256.0,80.0,8.0,0.0,2.0,6.0,2.0,0.625,21.0,49.0,67.0,157.0,73.0,170.0,19.0640625,42.0,0.0,0.0,0.0,1.0,0.0,HRposHER2neg,0.0,0.0,1.0,spy2,0,train
ISPY2-828199,0,256.0,90.0,8.0,0.0,2.0,5.0,2.0,0.5859,10.0,71.0,50.0,205.0,70.0,191.0,19.25313533766,43.0,0.0,0.0,1.0,1.0,0.0,HRposHER2neg,0.0,0.0,1.0,spy2,0,train
ISPY2-613961,1,256.0,72.0,7.0,0.0,2.0,6.0,2.2,0.7031,8.0,31.0,125.0,180.0,68.0,135.0,10.197048275392,45.0,0.0,1.0,0.0,0.0,0.0,TripleNeg,1.0,0.0,0.0,spy2,1,test
ISPY2-436371,0,256.0,66.0,7.0,0.0,2.0,6.0,2.4,0.5859,33.0,52.0,44.0,141.0,55.0,135.0,29.402242011072,60.0,1.0,1.0,0.0,1.0,0.0,HRposHER2neg,0.0,0.0,1.0,spy2,1,test
ISPY2-342142,1,256.0,66.0,7.0,0.0,2.0,6.0,2.4,0.5078,35.0,46.0,64.0,116.0,156.0,191.0,2.992836053376,54.0,1.0,1.0,0.0,0.0,0.0,TripleNeg,1.0,0.0,0.0,spy2,1,test
ISPY2-554577,0,256.0,80.0,8.0,0.0,2.0,5.0,2.0,0.5469,19.0,58.0,54.0,187.0,45.0,175.0,39.052837878480005,52.0,1.0,1.0,0.0,1.0,0.0,HRposHER2neg,0.0,0.0,1.0,spy2,0,train
ISPY2-570685,0,256.0,72.0,7.0,0.0,2.0,6.0,2.2,0.7031,25.0,38.0,52.0,130.0,63.0,117.0,1.259405066436,70.0,1.0,0.0,1.0,1.0,1.0,HER2pos,0.0,1.0,0.0,spy2,0,train
ISPY2-986734,0,256.0,160.0,7.0,0.0,2.0,5.0,1.0,0.694444418,26.0,126.0,35.0,240.0,26.0,191.0,51.872102530901934,33.0,0.0,0.0,1.0,1.0,0.0,HRposHER2neg,0.0,0.0,1.0,spy2,0,train
ISPY2-999264,1,256.0,66.0,7.0,0.0,2.0,6.0,2.4,0.625,10.0,29.0,11.0,73.0,94.0,154.0,19.8871875,44.0,0.0,1.0,0.0,0.0,1.0,HER2pos,0.0,1.0,0.0,spy2,0,train
ISPY2-786003,1,256.0,80.0,8.0,0.0,2.0,5.0,2.0,0.5469,16.0,57.0,36.0,130.0,90.0,185.0,17.457846036480007,57.0,1.0,1.0,0.0,1.0,1.0,HER2pos,0.0,1.0,0.0,spy2,0,train
ISPY2-311455,0,256.0,80.0,8.0,0.0,2.0,6.0,2.0,0.5859,16.0,35.0,116.0,193.0,64.0,126.0,8.131588451279999,58.0,1.0,0.0,0.0,1.0,0.0,HRposHER2neg,0.0,0.0,1.0,spy2,0,train
ACRIN-6698-663144,0,256.0,80.0,7.0,0.0,2.0,5.0,2.0,0.6641,32.0,66.0,110.0,204.0,78.0,175.0,18.62729281916,48.0,0.0,1.0,0.0,1.0,0.0,HRposHER2neg,0.0,0.0,1.0,spy2,0,train
ACRIN-6698-960029,0,256.0,80.0,8.0,0.0,2.0,6.0,2.0,0.6445,18.0,41.0,98.0,148.0,77.0,113.0,0.6795620889999999,43.0,0.0,0.0,0.0,1.0,1.0,HER2pos,0.0,1.0,0.0,spy2,0,train
ISPY2-802105,0,256.0,80.0,8.0,0.0,2.0,6.0,2.0,0.5664,16.0,59.0,85.0,210.0,67.0,214.0,67.9762105344,44.0,0.0,1.0,0.0,1.0,0.0,HRposHER2neg,0.0,0.0,1.0,spy2,0,train
ISPY2-623569,1,256.0,80.0,8.0,0.0,2.0,6.0,2.0,0.703125,17.0,40.0,91.0,164.0,74.0,137.0,10.53731689453125,40.0,0.0,0.0,1.0,0.0,0.0,TripleNeg,1.0,0.0,0.0,spy2,0,train
ACRIN-6698-618717,0,256.0,134.0,6.0,0.0,2.0,5.0,1.2,0.6641,67.0,90.0,67.0,103.0,73.0,104.0,3.9824901543,29.0,0.0,1.0,0.0,1.0,1.0,HER2pos,0.0,1.0,0.0,spy2,0,train
ISPY2-493775,1,256.0,80.0,8.0,0.0,2.0,6.0,2.0,0.703125,21.0,48.0,85.0,199.0,112.0,188.0,24.549169921875,41.0,0.0,1.0,0.0,0.0,0.0,TripleNeg,1.0,0.0,0.0,spy2,0,train
ISPY2-355292,0,256.0,64.0,9.0,0.0,2.0,6.0,2.5000000002,0.8413461447,34.0,57.0,99.0,152.0,98.0,143.0,19.46447206126187,36.0,0.0,1.0,0.0,1.0,0.0,HRposHER2neg,0.0,0.0,1.0,spy2,0,train
ISPY2-708387,1,256.0,134.0,6.0,0.0,2.0,5.0,1.2,0.6445,68.0,108.0,135.0,197.0,131.0,196.0,16.334911407299998,29.0,0.0,1.0,0.0,0.0,0.0,TripleNeg,1.0,0.0,0.0,spy2,0,train
ISPY2-257735,0,256.0,64.0,7.0,0.0,2.0,6.0,2.5,0.625,4.0,16.0,165.0,230.0,128.0,203.0,5.7958984375,48.0,0.0,1.0,0.0,0.0,0.0,TripleNeg,1.0,0.0,0.0,spy2,0,train
ISPY2-625854,1,256.0,134.0,6.0,0.0,2.0,5.0,1.2,0.6641,12.0,75.0,46.0,161.0,46.0,160.0,163.865842059216,51.0,1.0,1.0,0.0,0.0,0.0,TripleNeg,1.0,0.0,0.0,spy2,0,train
ISPY2-229824,0,384.0,160.0,6.0,0.0,2.0,5.0,1.0,0.83333331346512,15.0,112.0,70.0,210.0,275.0,365.0,19.995832379857784,60.0,1.0,1.0,0.0,1.0,0.0,HRposHER2neg,0.0,0.0,1.0,spy2,0,train
ACRIN-6698-152090,1,256.0,80.0,7.0,0.0,2.0,5.0,2.0,0.5859,19.0,47.0,18.0,126.0,33.0,139.0,20.36947802778,30.0,0.0,1.0,0.0,1.0,0.0,HRposHER2neg,0.0,0.0,1.0,spy2,0,train
ISPY2-735673,0,256.0,66.0,7.0,0.0,2.0,6.0,2.4,0.6641,6.0,46.0,53.0,228.0,28.0,193.0,127.251277429968,44.0,0.0,1.0,0.0,1.0,0.0,HRposHER2neg,0.0,0.0,1.0,spy2,0,train
ACRIN-6698-460642,0,256.0,134.0,6.0,0.0,2.0,5.0,1.2,0.6836,59.0,113.0,40.0,129.0,58.0,125.0,18.834607247424,45.0,,1.0,0.0,1.0,0.0,HRposHER2neg,0.0,0.0,1.0,spy2,0,train
ISPY2-515281,0,256.0,66.0,7.0,0.0,2.0,6.0,2.4,0.6055,16.0,50.0,75.0,210.0,35.0,157.0,51.6139132908,46.0,0.0,1.0,0.0,1.0,0.0,HRposHER2neg,0.0,0.0,1.0,spy2,0,train
ISPY2-851180,0,256.0,134.0,6.0,0.0,2.0,5.0,1.2000000477,1.09375,40.0,65.0,88.0,127.0,63.0,101.0,9.461689829227154,50.0,1.0,1.0,0.0,1.0,1.0,HER2pos,0.0,1.0,0.0,spy2,0,train
ACRIN-6698-848003,0,256.0,80.0,8.0,0.0,2.0,6.0,2.0,0.7031,36.0,53.0,81.0,126.0,73.0,112.0,3.52075792242,57.0,1.0,1.0,0.0,0.0,0.0,TripleNeg,1.0,0.0,0.0,spy2,1,test
ISPY2-683457,0,320.0,180.0,7.0,0.0,2.0,6.0,1.0,0.703125,73.0,137.0,110.0,195.0,124.0,204.0,31.181341552734374,50.0,,0.0,1.0,0.0,0.0,TripleNeg,1.0,0.0,0.0,spy2,0,train
ISPY2-767934,1,312.0,80.0,7.0,0.0,2.0,5.0,2.0,0.625,21.0,62.0,140.0,276.0,177.0,263.0,26.259375,68.0,1.0,1.0,0.0,0.0,0.0,TripleNeg,1.0,0.0,0.0,spy2,1,test
ISPY2-587388,0,256.0,160.0,7.0,0.0,2.0,5.0,1.0,0.5625,45.0,105.0,28.0,152.0,74.0,169.0,14.71004296875,52.0,1.0,1.0,0.0,1.0,0.0,HRposHER2neg,0.0,0.0,1.0,spy2,1,test
ISPY2-105513,1,384.0,160.0,7.0,0.0,2.0,5.0,1.0,0.8854166865,70.0,104.0,163.0,224.0,33.0,83.0,9.38560154894716,48.0,0.0,1.0,0.0,1.0,0.0,HRposHER2neg,0.0,0.0,1.0,spy2,0,train
ISPY2-277848,0,256.0,80.0,8.0,0.0,2.0,6.0,2.0,0.5859,38.0,63.0,95.0,207.0,72.0,142.0,6.15704873616,66.0,1.0,1.0,0.0,1.0,1.0,HER2pos,0.0,1.0,0.0,spy2,0,train
ISPY2-543795,0,384.0,160.0,7.0,0.0,2.0,5.0,1.0,0.8854166865,44.0,90.0,143.0,196.0,57.0,111.0,27.657420401378783,47.0,0.0,1.0,0.0,1.0,0.0,HRposHER2neg,0.0,0.0,1.0,spy2,0,train
ISPY2-122579,0,256.0,134.0,6.0,0.0,2.0,5.0,1.2,0.7031,58.0,98.0,98.0,162.0,103.0,152.0,8.211344761943998,57.0,1.0,1.0,0.0,1.0,0.0,HRposHER2neg,0.0,0.0,1.0,spy2,0,train
ISPY2-518000,0,256.0,52.0,6.0,0.0,2.0,5.0,2.6,0.6641,12.0,40.0,57.0,170.0,66.0,172.0,50.108546717294,34.0,0.0,1.0,0.0,0.0,0.0,TripleNeg,1.0,0.0,0.0,spy2,1,test
ISPY2-501303,1,256.0,128.0,6.0,0.0,2.0,5.0,1.2,0.6641,55.0,92.0,111.0,198.0,80.0,179.0,28.821056321976,47.0,0.0,0.0,0.0,0.0,1.0,HER2pos,0.0,1.0,0.0,spy2,0,train
ACRIN-6698-139973,0,256.0,64.0,7.0,0.0,2.0,6.0,2.5,0.625,22.0,51.0,31.0,168.0,103.0,173.0,9.412109375,41.0,,1.0,0.0,1.0,0.0,HRposHER2neg,0.0,0.0,1.0,spy2,0,train
ISPY2-778527,1,320.0,160.0,7.0,0.0,2.0,5.0,1.0,0.8333333135,101.0,120.0,110.0,143.0,223.0,246.0,2.707638760005279,44.0,0.0,0.0,1.0,0.0,0.0,TripleNeg,1.0,0.0,0.0,spy2,0,train
ACRIN-6698-345907,0,256.0,80.0,8.0,0.0,2.0,6.0,2.0,0.6641,21.0,40.0,132.0,189.0,145.0,190.0,5.691917821860001,61.0,1.0,0.0,0.0,0.0,0.0,TripleNeg,1.0,0.0,0.0,spy2,0,train
ACRIN-6698-963604,0,256.0,72.0,7.0,0.0,2.0,6.0,2.2,0.7031,25.0,65.0,97.0,195.0,64.0,131.0,24.469218125858,51.0,0.0,1.0,0.0,1.0,0.0,HRposHER2neg,0.0,0.0,1.0,spy2,0,train
ISPY2-571276,0,256.0,72.0,7.0,0.0,2.0,6.0,2.2,0.7031,23.0,57.0,34.0,114.0,53.0,132.0,19.447911397244,48.0,0.0,0.0,1.0,0.0,0.0,TripleNeg,1.0,0.0,0.0,spy2,0,train
ACRIN-6698-861745,0,256.0,64.0,7.0,0.0,2.0,6.0,2.5,0.89999997615814,18.0,46.0,45.0,99.0,96.0,136.0,5.02604973371027,31.0,0.0,1.0,0.0,1.0,0.0,HRposHER2neg,0.0,0.0,1.0,spy2,0,train
ISPY2-517446,0,256.0,88.0,6.0,0.0,2.0,5.0,1.8,0.5859,19.0,52.0,83.0,191.0,70.0,140.0,14.893288483373995,63.0,1.0,1.0,0.0,1.0,0.0,HRposHER2neg,0.0,0.0,1.0,spy2,0,train
ISPY2-528479,0,256.0,80.0,8.0,0.0,2.0,6.0,2.0,0.703125,23.0,48.0,48.0,139.0,96.0,154.0,7.61055908203125,63.0,1.0,1.0,0.0,0.0,0.0,TripleNeg,1.0,0.0,0.0,spy2,0,train
ISPY2-431061,0,256.0,62.0,7.0,0.0,2.0,5.0,2.6,0.7227,16.0,35.0,129.0,208.0,125.0,174.0,7.206734870478001,57.0,1.0,1.0,0.0,1.0,0.0,HRposHER2neg,0.0,0.0,1.0,spy2,0,train
ISPY2-168044,0,256.0,64.0,7.0,0.0,2.0,5.0,2.5,0.625,13.0,48.0,112.0,232.0,82.0,188.0,47.6806640625,64.0,1.0,1.0,0.0,1.0,0.0,HRposHER2neg,0.0,0.0,1.0,spy2,1,test
ISPY2-227832,0,256.0,134.0,6.0,0.0,2.0,5.0,1.2,0.7031,25.0,95.0,96.0,221.0,100.0,188.0,44.58756646418399,53.0,0.0,1.0,0.0,1.0,1.0,HER2pos,0.0,1.0,0.0,spy2,0,train
ACRIN-6698-724384,0,256.0,80.0,8.0,0.0,2.0,6.0,2.0,0.6445,30.0,48.0,148.0,204.0,118.0,168.0,5.0585006845,43.0,0.0,1.0,0.0,1.0,0.0,HRposHER2neg,0.0,0.0,1.0,spy2,0,train
ISPY2-621179,0,384.0,176.0,7.0,0.0,2.0,5.0,1.1000000238,0.8854166865,39.0,71.0,82.0,175.0,232.0,276.0,11.221015285413976,53.0,1.0,1.0,0.0,1.0,0.0,HRposHER2neg,0.0,0.0,1.0,spy2,0,train
ISPY2-568953,0,256.0,66.0,7.0,0.0,2.0,5.0,2.4,0.5859,31.0,54.0,78.0,174.0,60.0,167.0,34.53988999305599,59.0,1.0,1.0,0.0,1.0,0.0,HRposHER2neg,0.0,0.0,1.0,spy2,0,train
ACRIN-6698-779739,1,256.0,80.0,8.0,0.0,2.0,6.0,2.0,0.6641,17.0,33.0,90.0,158.0,74.0,126.0,4.78339847326,47.0,0.0,0.0,0.0,1.0,1.0,HER2pos,0.0,1.0,0.0,spy2,0,train
ACRIN-6698-863161,1,384.0,160.0,7.0,0.0,2.0,5.0,1.0,0.859375,66.0,107.0,139.0,191.0,43.0,93.0,15.78819580078125,55.0,1.0,1.0,0.0,0.0,1.0,HER2pos,0.0,1.0,0.0,spy2,0,train
ISPY2-247641,0,256.0,66.0,7.0,0.0,2.0,6.0,2.4,0.6641,36.0,50.0,98.0,178.0,129.0,174.0,10.620679390896,63.0,1.0,1.0,0.0,0.0,0.0,TripleNeg,1.0,0.0,0.0,spy2,0,train
ISPY2-495440,0,256.0,80.0,8.0,0.0,2.0,6.0,2.0,0.703125,17.0,66.0,21.0,202.0,71.0,206.0,122.22279052734376,49.0,0.0,1.0,0.0,1.0,0.0,HRposHER2neg,0.0,0.0,1.0,spy2,0,train
ISPY2-679787,0,256.0,160.0,7.0,0.0,2.0,6.0,1.0,0.703125,104.0,146.0,68.0,197.0,113.0,177.0,11.8751220703125,33.0,0.0,1.0,0.0,0.0,0.0,TripleNeg,1.0,0.0,0.0,spy2,0,train
ISPY2-910188,0,384.0,176.0,7.0,0.0,2.0,5.0,1.1000000238,0.8333333135,103.0,139.0,178.0,224.0,93.0,142.0,10.709721944158884,64.0,1.0,1.0,0.0,1.0,0.0,HRposHER2neg,0.0,0.0,1.0,spy2,0,train
ISPY2-141782,0,256.0,160.0,7.0,0.0,2.0,5.0,0.8999999762,1.171875,75.0,118.0,71.0,116.0,168.0,220.0,4.2640684907547,54.0,0.0,1.0,0.0,1.0,1.0,HER2pos,0.0,1.0,0.0,spy2,0,train
ACRIN-6698-401215,0,256.0,80.0,8.0,0.0,2.0,6.0,2.0,0.625,11.0,41.0,66.0,143.0,77.0,187.0,5.715625,46.0,0.0,1.0,0.0,1.0,0.0,HRposHER2neg,0.0,0.0,1.0,spy2,0,train
ISPY2-683173,1,256.0,80.0,8.0,0.0,2.0,6.0,2.0,0.625,17.0,39.0,54.0,185.0,115.0,181.0,12.47890625,51.0,0.0,1.0,0.0,1.0,0.0,HRposHER2neg,0.0,0.0,1.0,spy2,1,test
ISPY2-102011,1,256.0,72.0,7.0,0.0,2.0,6.0,2.2,0.7031,32.0,51.0,108.0,159.0,133.0,187.0,3.79017845987,32.0,0.0,0.0,1.0,1.0,0.0,HRposHER2neg,0.0,0.0,1.0,spy2,0,train
ISPY2-703401,0,256.0,72.0,7.0,0.0,2.0,6.0,2.2,0.7031,36.0,54.0,106.0,145.0,87.0,123.0,1.699870568946,46.0,0.0,1.0,0.0,1.0,0.0,HRposHER2neg,0.0,0.0,1.0,spy2,0,train
ISPY2-664658,1,256.0,134.0,6.0,0.0,2.0,5.0,1.2,0.7422,42.0,104.0,101.0,214.0,82.0,138.0,32.55918080904,39.0,0.0,1.0,0.0,1.0,0.0,HRposHER2neg,0.0,0.0,1.0,spy2,0,train
ISPY2-345460,0,320.0,180.0,7.0,0.0,2.0,6.0,1.0,0.703125,55.0,84.0,95.0,153.0,156.0,235.0,4.525103759765625,45.0,0.0,1.0,0.0,1.0,0.0,HRposHER2neg,0.0,0.0,1.0,spy2,0,train
ISPY2-999733,0,256.0,66.0,7.0,0.0,2.0,6.0,2.4,0.5664,16.0,33.0,74.0,145.0,49.0,98.0,6.655374360575999,47.0,0.0,1.0,0.0,1.0,0.0,HRposHER2neg,0.0,0.0,1.0,spy2,0,train
ISPY2-689188,1,256.0,72.0,7.0,0.0,2.0,6.0,2.2,0.7031,0.0,20.0,60.0,155.0,73.0,166.0,22.744333466646,72.0,1.0,0.0,1.0,1.0,0.0,HRposHER2neg,0.0,0.0,1.0,spy2,0,train
ACRIN-6698-285339,1,256.0,160.0,7.0,0.0,2.0,6.0,1.0,0.66666668653488,29.0,84.0,17.0,128.0,136.0,206.0,28.112890564547538,56.0,1.0,1.0,0.0,0.0,1.0,HER2pos,0.0,1.0,0.0,spy2,0,train
ISPY2-164468,0,256.0,72.0,7.0,0.0,2.0,6.0,2.2,0.7031,6.0,60.0,75.0,233.0,32.0,186.0,135.92004109059198,45.0,0.0,1.0,0.0,0.0,0.0,TripleNeg,1.0,0.0,0.0,spy2,0,train
ISPY2-473365,0,256.0,72.0,7.0,0.0,2.0,6.0,2.2,0.7031,7.0,19.0,142.0,190.0,130.0,172.0,2.970151326802,63.0,1.0,1.0,0.0,1.0,0.0,HRposHER2neg,0.0,0.0,1.0,spy2,0,train
ACRIN-6698-843554,0,256.0,80.0,8.0,0.0,2.0,6.0,2.0,0.703125,12.0,38.0,96.0,188.0,87.0,174.0,23.50997314453125,31.0,0.0,0.0,1.0,0.0,0.0,TripleNeg,1.0,0.0,0.0,spy2,1,test
ISPY2-467622,0,256.0,64.0,7.0,0.0,2.0,6.0,2.5,0.89999997615814,19.0,39.0,22.0,86.0,108.0,164.0,24.71512369054546,42.0,0.0,1.0,0.0,1.0,0.0,HRposHER2neg,0.0,0.0,1.0,spy2,0,train
ISPY2-483667,0,256.0,160.0,7.0,0.0,2.0,6.0,1.0,0.64453125,40.0,93.0,35.0,82.0,77.0,125.0,4.289632415771484,46.0,0.0,1.0,0.0,1.0,1.0,HER2pos,0.0,1.0,0.0,spy2,0,train
ISPY2-798604,1,384.0,160.0,7.0,0.0,2.0,5.0,1.3999999762,0.9375,98.0,121.0,133.0,171.0,57.0,89.0,3.2189061952785933,55.0,1.0,1.0,0.0,0.0,0.0,TripleNeg,1.0,0.0,0.0,spy2,0,train
ISPY2-532183,0,256.0,134.0,6.0,0.0,2.0,5.0,1.2,0.6641,31.0,112.0,87.0,215.0,71.0,191.0,58.67094465192,47.0,0.0,1.0,0.0,0.0,0.0,TripleNeg,1.0,0.0,0.0,spy2,0,train
ACRIN-6698-432114,1,256.0,134.0,6.0,0.0,2.0,5.0,1.2,0.7813,22.0,52.0,100.0,142.0,124.0,170.0,9.646498305132,50.0,,1.0,0.0,1.0,1.0,HER2pos,0.0,1.0,0.0,spy2,0,train
ISPY2-804233,1,256.0,72.0,7.0,0.0,2.0,6.0,2.2,0.7031,31.0,56.0,89.0,160.0,131.0,180.0,9.446625567412,46.0,0.0,1.0,0.0,0.0,0.0,TripleNeg,1.0,0.0,0.0,spy2,1,test
ACRIN-6698-474874,1,256.0,80.0,7.0,0.0,2.0,5.0,2.0,0.5859,33.0,68.0,27.0,180.0,35.0,169.0,62.02842129414,41.0,0.0,1.0,0.0,0.0,1.0,HER2pos,0.0,1.0,0.0,spy2,0,train
ISPY2-614434,1,320.0,76.0,7.0,0.0,2.0,5.0,2.4,0.5078,19.0,30.0,82.0,141.0,134.0,188.0,4.073376117312,56.0,0.0,1.0,0.0,1.0,1.0,HER2pos,0.0,1.0,0.0,spy2,0,train
ISPY2-521860,0,256.0,160.0,7.0,0.0,2.0,6.0,1.0,0.703125,49.0,140.0,77.0,187.0,101.0,215.0,157.14019775390625,35.0,0.0,1.0,0.0,0.0,0.0,TripleNeg,1.0,0.0,0.0,spy2,0,train
ACRIN-6698-793155,0,256.0,160.0,6.0,0.0,2.0,5.0,1.0,0.64453125,92.0,110.0,109.0,161.0,132.0,170.0,2.055085372924805,58.0,1.0,1.0,0.0,1.0,0.0,HRposHER2neg,0.0,0.0,1.0,spy2,0,train
ISPY2-484894,0,256.0,72.0,7.0,0.0,2.0,6.0,2.2,0.7031,18.0,40.0,122.0,204.0,84.0,140.0,12.049178524218,31.0,0.0,1.0,0.0,1.0,0.0,HRposHER2neg,0.0,0.0,1.0,spy2,0,train
ISPY2-242370,1,256.0,72.0,7.0,0.0,2.0,6.0,2.2,0.7031,31.0,48.0,114.0,165.0,129.0,170.0,4.201279595546,38.0,0.0,1.0,0.0,1.0,0.0,HRposHER2neg,0.0,0.0,1.0,spy2,0,train
ISPY2-273691,1,256.0,80.0,8.0,0.0,2.0,6.0,2.0,0.6641,10.0,26.0,122.0,171.0,69.0,116.0,6.693053220560001,46.0,0.0,1.0,0.0,1.0,1.0,HER2pos,0.0,1.0,0.0,spy2,0,train
ISPY2-618240,0,384.0,144.0,6.0,0.0,2.0,5.0,1.2000000477,1.0416666667,12.0,93.0,104.0,193.0,224.0,340.0,151.91537063169164,35.0,0.0,1.0,0.0,0.0,0.0,TripleNeg,1.0,0.0,0.0,spy2,0,train
ACRIN-6698-490805,1,256.0,72.0,7.0,0.0,2.0,5.0,2.2,0.5859,38.0,52.0,87.0,155.0,51.0,112.0,2.4755894661960003,42.0,0.0,1.0,0.0,1.0,1.0,HER2pos,0.0,1.0,0.0,spy2,0,train
ISPY2-250274,0,256.0,66.0,7.0,0.0,2.0,6.0,2.4,0.5664,10.0,36.0,84.0,184.0,112.0,175.0,14.731290796032,43.0,0.0,0.0,0.0,1.0,1.0,HER2pos,0.0,1.0,0.0,spy2,0,train
ACRIN-6698-239910,0,256.0,134.0,6.0,0.0,2.0,5.0,1.2,0.7031,22.0,59.0,69.0,139.0,99.0,175.0,24.133950220355995,42.0,0.0,1.0,0.0,0.0,0.0,TripleNeg,1.0,0.0,0.0,spy2,0,train
ISPY2-356399,0,312.0,134.0,6.0,0.0,2.0,5.0,1.2,0.8203,1.0,51.0,166.0,257.0,136.0,220.0,32.76069345057601,30.0,0.0,1.0,0.0,1.0,0.0,HRposHER2neg,0.0,0.0,1.0,spy2,0,train
ISPY2-972307,0,256.0,134.0,6.0,0.0,2.0,5.0,1.2,0.7031,21.0,67.0,100.0,226.0,103.0,174.0,16.853960123651994,47.0,0.0,1.0,0.0,1.0,0.0,HRposHER2neg,0.0,0.0,1.0,spy2,0,train
ISPY2-540539,1,384.0,200.0,8.0,0.0,2.0,6.0,1.0,0.9375,51.0,125.0,162.0,254.0,287.0,370.0,37.15927734375,35.0,0.0,0.0,1.0,0.0,0.0,TripleNeg,1.0,0.0,0.0,spy2,0,train
ISPY2-294265,1,320.0,82.0,8.0,0.0,2.0,5.0,2.2,0.7031,15.0,46.0,167.0,260.0,158.0,230.0,21.894941966744003,52.0,1.0,0.0,0.0,0.0,0.0,TripleNeg,1.0,0.0,0.0,spy2,0,train
ISPY2-891645,0,256.0,134.0,6.0,0.0,2.0,5.0,1.2,0.7813,82.0,108.0,108.0,171.0,124.0,175.0,4.267636048728,37.0,0.0,1.0,0.0,0.0,1.0,HER2pos,0.0,1.0,0.0,spy2,0,train
ISPY2-527581,0,384.0,144.0,6.0,0.0,2.0,5.0,1.2000000477,0.83333333333333,52.0,110.0,95.0,205.0,277.0,345.0,12.090833813943862,35.0,0.0,1.0,0.0,1.0,1.0,HER2pos,0.0,1.0,0.0,spy2,0,train
ISPY2-371528,0,256.0,80.0,9.0,0.0,2.0,6.0,2.0,0.703125,33.0,62.0,51.0,160.0,84.0,195.0,46.25958251953125,70.0,1.0,1.0,0.0,1.0,0.0,HRposHER2neg,0.0,0.0,1.0,spy2,0,train
ISPY2-410083,1,384.0,80.0,7.0,0.0,2.0,6.0,2.5,0.7031,35.0,51.0,123.0,178.0,276.0,322.0,6.147237400349999,55.0,1.0,0.0,1.0,0.0,1.0,HER2pos,0.0,1.0,0.0,spy2,0,train
ISPY2-199960,0,384.0,144.0,6.0,0.0,2.0,5.0,1.2000000477,0.859375,44.0,119.0,126.0,231.0,206.0,335.0,84.16531096275847,33.0,0.0,1.0,0.0,0.0,0.0,TripleNeg,1.0,0.0,0.0,spy2,0,train
ACRIN-6698-227055,0,256.0,80.0,7.0,0.0,2.0,5.0,2.0,0.5859,22.0,67.0,78.0,230.0,52.0,168.0,31.08801559122,40.0,0.0,0.0,1.0,1.0,1.0,HER2pos,0.0,1.0,0.0,spy2,0,train
ISPY2-830486,0,256.0,160.0,7.0,0.0,2.0,6.0,1.0,0.61881190538406,75.0,119.0,95.0,156.0,95.0,161.0,12.437124171305005,36.0,1.0,1.0,0.0,0.0,0.0,TripleNeg,1.0,0.0,0.0,spy2,0,train
ACRIN-6698-786753,0,256.0,158.0,7.0,0.0,2.0,6.0,1.0,0.64453125,34.0,107.0,55.0,152.0,75.0,148.0,9.50108299255371,59.0,1.0,0.0,0.0,0.0,1.0,HER2pos,0.0,1.0,0.0,spy2,0,train
ACRIN-6698-253531,1,384.0,160.0,7.0,0.0,2.0,5.0,1.0,0.72916668653488,61.0,94.0,135.0,208.0,72.0,139.0,3.394271018306403,59.0,1.0,1.0,0.0,1.0,1.0,HER2pos,0.0,1.0,0.0,spy2,0,train
ISPY2-510543,0,256.0,134.0,6.0,0.0,2.0,5.0,1.2,0.7031,9.0,44.0,110.0,185.0,108.0,177.0,8.335920863663997,62.0,,1.0,0.0,1.0,0.0,HRposHER2neg,0.0,0.0,1.0,spy2,0,train
ISPY2-591180,0,256.0,80.0,8.0,0.0,2.0,5.0,2.0,0.7031,22.0,63.0,77.0,203.0,89.0,193.0,23.54883802196,57.0,1.0,1.0,0.0,0.0,0.0,TripleNeg,1.0,0.0,0.0,spy2,0,train
ISPY2-766301,0,256.0,80.0,8.0,0.0,2.0,5.0,2.0,0.5859,11.0,68.0,72.0,231.0,36.0,160.0,76.16944859328,49.0,0.0,1.0,0.0,1.0,0.0,HRposHER2neg,0.0,0.0,1.0,spy2,0,train
ISPY2-590299,0,384.0,144.0,6.0,0.0,2.0,5.0,1.2000000477,0.9375,37.0,103.0,144.0,218.0,224.0,314.0,10.64601604817912,44.0,0.0,1.0,0.0,0.0,0.0,TripleNeg,1.0,0.0,0.0,spy2,0,train
ACRIN-6698-580541,0,256.0,72.0,7.0,0.0,2.0,6.0,2.2,0.7031,20.0,45.0,160.0,229.0,99.0,178.0,5.980542711858,61.0,1.0,1.0,0.0,1.0,0.0,HRposHER2neg,0.0,0.0,1.0,spy2,1,test
ISPY2-690410,0,256.0,64.0,9.0,0.0,2.0,6.0,2.5000000002,0.8413461447,25.0,55.0,22.0,139.0,77.0,162.0,41.83826243043488,69.0,1.0,1.0,0.0,1.0,0.0,HRposHER2neg,0.0,0.0,1.0,spy2,0,train
ACRIN-6698-654064,0,256.0,134.0,6.0,0.0,2.0,5.0,1.2,0.6836,42.0,99.0,101.0,221.0,85.0,162.0,25.036731764544,34.0,0.0,1.0,0.0,1.0,0.0,HRposHER2neg,0.0,0.0,1.0,spy2,0,train
ISPY2-614044,0,256.0,80.0,8.0,0.0,2.0,6.0,2.0,0.703125,22.0,57.0,82.0,194.0,66.0,145.0,28.72078857421875,52.0,1.0,0.0,1.0,0.0,0.0,TripleNeg,1.0,0.0,0.0,spy2,1,test
ISPY2-791321,0,384.0,144.0,6.0,0.0,2.0,5.0,1.2000000477,0.9375,47.0,108.0,80.0,156.0,114.0,159.0,28.30464956260977,31.0,0.0,1.0,0.0,0.0,0.0,TripleNeg,1.0,0.0,0.0,spy2,0,train
ISPY2-213672,0,256.0,160.0,7.0,0.0,3.0,6.0,1.0,0.5882353187,47.0,123.0,28.0,212.0,117.0,225.0,21.01003635809485,39.0,0.0,1.0,0.0,1.0,0.0,HRposHER2neg,0.0,0.0,1.0,spy2,0,train
ISPY2-550421,0,256.0,160.0,7.0,0.0,2.0,6.0,1.0,0.6880733967,58.0,123.0,66.0,185.0,115.0,233.0,49.60993424602099,49.0,1.0,0.0,1.0,0.0,0.0,TripleNeg,1.0,0.0,0.0,spy2,0,train
ACRIN-6698-929391,0,256.0,72.0,7.0,0.0,2.0,6.0,2.2,0.7031,26.0,43.0,116.0,161.0,94.0,129.0,3.21376681461,65.0,1.0,1.0,0.0,0.0,0.0,TripleNeg,1.0,0.0,0.0,spy2,0,train
ISPY2-477994,1,256.0,134.0,6.0,0.0,2.0,5.0,1.2,0.5859,22.0,69.0,109.0,180.0,116.0,169.0,3.4425372182039995,54.0,0.0,1.0,0.0,1.0,1.0,HER2pos,0.0,1.0,0.0,spy2,0,train
ACRIN-6698-913527,0,256.0,80.0,8.0,0.0,2.0,6.0,2.0,0.6836,27.0,51.0,125.0,192.0,99.0,161.0,12.7248229808,46.0,0.0,1.0,0.0,0.0,0.0,TripleNeg,1.0,0.0,0.0,spy2,0,train
ISPY2-259899,0,320.0,180.0,7.0,0.0,2.0,6.0,1.0,0.703125,82.0,143.0,34.0,148.0,84.0,202.0,33.574658203125,41.0,0.0,1.0,0.0,0.0,0.0,TripleNeg,1.0,0.0,0.0,spy2,0,train
ISPY2-676630,1,384.0,144.0,6.0,0.0,2.0,5.0,1.2000000477,1.0416666666667,55.0,101.0,159.0,225.0,76.0,123.0,27.721355268592266,42.0,0.0,1.0,0.0,0.0,0.0,TripleNeg,1.0,0.0,0.0,spy2,0,train
ACRIN-6698-894673,0,384.0,160.0,7.0,0.0,2.0,5.0,1.0,0.859375,65.0,121.0,71.0,146.0,292.0,334.0,2.878033447265625,59.0,1.0,1.0,0.0,1.0,1.0,HER2pos,0.0,1.0,0.0,spy2,0,train
ISPY2-622688,1,256.0,134.0,6.0,0.0,2.0,5.0,1.2,0.7422,62.0,102.0,138.0,208.0,112.0,178.0,48.87678061152,29.0,0.0,0.0,1.0,0.0,0.0,TripleNeg,1.0,0.0,0.0,spy2,0,train
ACRIN-6698-870077,0,256.0,72.0,7.0,0.0,2.0,6.0,2.2,0.7031,14.0,31.0,105.0,185.0,130.0,176.0,5.89462474964,60.0,1.0,1.0,0.0,1.0,0.0,HRposHER2neg,0.0,0.0,1.0,spy2,0,train
ACRIN-6698-866660,0,256.0,80.0,8.0,0.0,2.0,6.0,2.0,0.625,33.0,64.0,104.0,217.0,100.0,171.0,22.6984375,38.0,0.0,1.0,0.0,1.0,0.0,HRposHER2neg,0.0,0.0,1.0,spy2,0,train
ISPY2-177795,1,256.0,66.0,7.0,0.0,2.0,6.0,2.4,0.5664,19.0,37.0,77.0,166.0,69.0,130.0,14.211580280832,58.0,1.0,1.0,0.0,0.0,0.0,TripleNeg,1.0,0.0,0.0,spy2,0,train
ACRIN-6698-685795,0,256.0,134.0,6.0,0.0,2.0,5.0,1.2,0.7422,20.0,51.0,164.0,220.0,96.0,139.0,4.915441447488,64.0,1.0,1.0,0.0,1.0,1.0,HER2pos,0.0,1.0,0.0,spy2,0,train
ACRIN-6698-218503,0,256.0,72.0,7.0,0.0,2.0,6.0,2.2,0.7031,12.0,28.0,88.0,126.0,135.0,188.0,8.247036803786001,52.0,1.0,1.0,0.0,1.0,0.0,HRposHER2neg,0.0,0.0,1.0,spy2,0,train
ACRIN-6698-802308,0,256.0,72.0,7.0,0.0,2.0,6.0,2.2,0.7031,9.0,25.0,78.0,134.0,74.0,120.0,5.64992169269,52.0,0.0,0.0,1.0,0.0,0.0,TripleNeg,1.0,0.0,0.0,spy2,0,train
ISPY2-741535,0,256.0,80.0,8.0,0.0,2.0,6.0,2.0,0.5273,15.0,60.0,75.0,231.0,65.0,217.0,107.0863629906,33.0,0.0,1.0,0.0,1.0,0.0,HRposHER2neg,0.0,0.0,1.0,spy2,0,train
ISPY2-550157,1,256.0,66.0,7.0,0.0,2.0,6.0,2.4,0.6641,34.0,53.0,99.0,166.0,59.0,114.0,18.065951349792,63.0,1.0,1.0,0.0,0.0,0.0,TripleNeg,1.0,0.0,0.0,spy2,0,train
ACRIN-6698-317402,0,256.0,72.0,7.0,0.0,2.0,5.0,2.2,0.625,28.0,40.0,131.0,176.0,102.0,141.0,2.738828125,53.0,1.0,1.0,0.0,1.0,0.0,HRposHER2neg,0.0,0.0,1.0,spy2,0,train
ACRIN-6698-188700,1,256.0,160.0,7.0,0.0,2.0,5.0,1.0,0.67010307312011,28.0,63.0,147.0,197.0,112.0,155.0,11.524114532519118,58.0,1.0,1.0,0.0,0.0,0.0,TripleNeg,1.0,0.0,0.0,spy2,0,train
ACRIN-6698-547892,0,256.0,72.0,7.0,0.0,2.0,6.0,2.2,0.7031,22.0,50.0,25.0,109.0,179.0,232.0,15.891560302904,48.0,0.0,1.0,0.0,1.0,0.0,HRposHER2neg,0.0,0.0,1.0,spy2,1,test
ACRIN-6698-738041,1,256.0,80.0,8.0,0.0,2.0,6.0,2.0,0.625,48.0,62.0,138.0,183.0,141.0,187.0,5.66640625,37.0,0.0,1.0,0.0,1.0,1.0,HER2pos,0.0,1.0,0.0,spy2,0,train
ISPY2-658541,0,256.0,80.0,7.0,0.0,2.0,6.0,2.0,0.6641,20.0,45.0,126.0,191.0,92.0,145.0,9.9275585131,64.0,1.0,1.0,0.0,1.0,0.0,HRposHER2neg,0.0,0.0,1.0,spy2,1,test
ACRIN-6698-900959,0,256.0,134.0,6.0,0.0,2.0,5.0,1.2,0.7031,70.0,103.0,98.0,133.0,133.0,169.0,1.3104219461879998,63.0,1.0,1.0,0.0,1.0,1.0,HER2pos,0.0,1.0,0.0,spy2,0,train
ISPY2-130892,1,256.0,62.0,6.0,0.0,2.0,5.0,2.6,0.5664,28.0,52.0,82.0,197.0,83.0,182.0,32.6551440384,50.0,0.0,1.0,0.0,1.0,0.0,HRposHER2neg,0.0,0.0,1.0,spy2,0,train
ISPY2-893874,1,256.0,66.0,7.0,0.0,2.0,6.0,2.4,0.5078,31.0,45.0,23.0,83.0,164.0,215.0,8.124473058048,37.0,0.0,1.0,0.0,0.0,0.0,TripleNeg,1.0,0.0,0.0,spy2,0,train
ACRIN-6698-618860,0,256.0,160.0,7.0,0.0,2.0,6.0,1.0,0.6640625,99.0,138.0,77.0,151.0,52.0,134.0,23.94339599609375,48.0,0.0,1.0,0.0,1.0,0.0,HRposHER2neg,0.0,0.0,1.0,spy2,0,train
ACRIN-6698-628788,0,256.0,158.0,7.0,0.0,2.0,6.0,1.0000000098,0.64453125,64.0,110.0,93.0,172.0,98.0,171.0,14.00133375537713,32.0,0.0,1.0,0.0,0.0,0.0,TripleNeg,1.0,0.0,0.0,spy2,0,train
ISPY2-504838,0,384.0,160.0,7.0,0.0,2.0,5.0,1.0,0.7291666865,23.0,86.0,55.0,142.0,240.0,337.0,17.523774824821093,69.0,1.0,1.0,0.0,0.0,0.0,TripleNeg,1.0,0.0,0.0,spy2,0,train
ACRIN-6698-794128,0,320.0,80.0,7.0,0.0,2.0,5.0,2.0,0.625,19.0,53.0,69.0,175.0,195.0,262.0,27.36171875,44.0,0.0,1.0,0.0,0.0,0.0,TripleNeg,1.0,0.0,0.0,spy2,0,train
ACRIN-6698-882553,0,256.0,80.0,8.0,0.0,2.0,6.0,2.0,0.7422,5.0,66.0,27.0,188.0,54.0,155.0,66.66077197007999,47.0,0.0,1.0,0.0,1.0,0.0,HRposHER2neg,0.0,0.0,1.0,spy2,0,train
ISPY2-732137,0,320.0,180.0,7.0,0.0,2.0,6.0,1.0,0.703125,76.0,143.0,90.0,186.0,77.0,169.0,44.50303344726562,54.0,1.0,1.0,0.0,0.0,0.0,TripleNeg,1.0,0.0,0.0,spy2,0,train
ISPY2-332655,1,384.0,72.0,8.0,0.0,2.0,6.0,2.5,0.9375,23.0,42.0,171.0,242.0,240.0,290.0,20.1357421875,56.0,1.0,1.0,0.0,0.0,0.0,TripleNeg,1.0,0.0,0.0,spy2,0,train
ISPY2-845147,0,256.0,134.0,6.0,0.0,2.0,5.0,1.2,0.7031,44.0,85.0,149.0,201.0,125.0,180.0,22.475901628416,46.0,0.0,1.0,0.0,1.0,0.0,HRposHER2neg,0.0,0.0,1.0,spy2,0,train
ISPY2-122287,1,320.0,160.0,7.0,0.0,2.0,5.0,1.0,0.600961566,37.0,123.0,28.0,198.0,34.0,201.0,106.73207916972468,54.0,1.0,1.0,0.0,1.0,1.0,HER2pos,0.0,1.0,0.0,spy2,0,train
ISPY2-535415,1,256.0,128.0,6.0,0.0,2.0,5.0,1.2,0.625,17.0,51.0,146.0,211.0,110.0,165.0,8.8209375,56.0,1.0,1.0,0.0,0.0,1.0,HER2pos,0.0,1.0,0.0,spy2,0,train
ACRIN-6698-342959,1,256.0,160.0,7.0,0.0,2.0,6.0,1.0,0.64453125,44.0,103.0,57.0,139.0,62.0,132.0,12.691928100585937,60.0,1.0,1.0,0.0,0.0,0.0,TripleNeg,1.0,0.0,0.0,spy2,0,train
ACRIN-6698-971492,0,256.0,80.0,7.0,0.0,2.0,5.0,2.0,0.5469,15.0,42.0,31.0,174.0,128.0,210.0,19.650246177780005,32.0,0.0,1.0,0.0,1.0,0.0,HRposHER2neg,0.0,0.0,1.0,spy2,0,train
ISPY2-894491,0,256.0,80.0,7.0,0.0,2.0,6.0,2.0,0.625,15.0,62.0,17.0,194.0,91.0,218.0,39.87890625,49.0,1.0,0.0,0.0,1.0,0.0,HRposHER2neg,0.0,0.0,1.0,spy2,0,train
ISPY2-489194,1,256.0,72.0,7.0,0.0,2.0,6.0,2.2,0.7031,37.0,56.0,144.0,216.0,97.0,158.0,5.6009810813000005,33.0,0.0,1.0,0.0,1.0,0.0,HRposHER2neg,0.0,0.0,1.0,spy2,0,train
ISPY2-300724,0,256.0,66.0,7.0,0.0,2.0,6.0,2.4,0.5859,15.0,55.0,82.0,176.0,80.0,192.0,17.124120158039997,59.0,1.0,1.0,0.0,1.0,0.0,HRposHER2neg,0.0,0.0,1.0,spy2,0,train
ISPY2-674897,0,256.0,80.0,7.0,0.0,2.0,5.0,2.0,0.6641,49.0,60.0,112.0,148.0,122.0,159.0,3.4850096566200004,50.0,0.0,0.0,1.0,0.0,0.0,TripleNeg,1.0,0.0,0.0,spy2,0,train
ISPY2-729732,0,384.0,160.0,7.0,0.0,2.0,5.0,1.0,0.7291666865,43.0,68.0,128.0,165.0,63.0,100.0,3.6255535826467744,36.0,0.0,1.0,0.0,1.0,0.0,HRposHER2neg,0.0,0.0,1.0,spy2,0,train
ACRIN-6698-635632,1,256.0,80.0,8.0,0.0,2.0,6.0,2.0,0.6641,14.0,27.0,102.0,157.0,98.0,145.0,3.1974588725000004,46.0,0.0,0.0,0.0,0.0,1.0,HER2pos,0.0,1.0,0.0,spy2,0,train
ISPY2-509012,1,384.0,80.0,8.0,0.0,2.0,6.0,2.5,0.8854166865,14.0,39.0,127.0,200.0,218.0,274.0,10.58545647466246,52.0,1.0,1.0,0.0,0.0,0.0,TripleNeg,1.0,0.0,0.0,spy2,0,train
ACRIN-6698-991818,1,320.0,90.0,7.0,0.0,2.0,5.0,2.0,0.5859,45.0,78.0,62.0,181.0,50.0,137.0,15.2656086807,46.0,0.0,1.0,0.0,1.0,1.0,HER2pos,0.0,1.0,0.0,spy2,0,train
ISPY2-290413,0,384.0,72.0,9.0,0.0,2.0,6.0,2.5,0.9375,30.0,48.0,132.0,188.0,94.0,130.0,14.83154296875,59.0,1.0,1.0,0.0,1.0,1.0,HER2pos,0.0,1.0,0.0,spy2,0,train
ISPY2-319324,0,256.0,66.0,7.0,0.0,2.0,5.0,2.4,0.6055,37.0,56.0,100.0,174.0,68.0,130.0,13.4257064508,48.0,0.0,1.0,0.0,1.0,1.0,HER2pos,0.0,1.0,0.0,spy2,0,train
ISPY2-157270,0,256.0,160.0,7.0,0.0,2.0,5.0,1.0,0.7291666865,39.0,108.0,28.0,128.0,158.0,227.0,23.83699131409339,43.0,0.0,1.0,0.0,1.0,1.0,HER2pos,0.0,1.0,0.0,spy2,0,train
ACRIN-6698-748611,1,256.0,80.0,8.0,0.0,2.0,6.0,2.0,0.7031,26.0,47.0,6.0,66.0,79.0,133.0,14.730629678779998,59.0,1.0,0.0,1.0,1.0,0.0,HRposHER2neg,0.0,0.0,1.0,spy2,0,train
ACRIN-6698-587604,0,256.0,158.0,7.0,0.0,2.0,6.0,1.0,0.64453125,50.0,97.0,88.0,163.0,121.0,174.0,7.057164001464844,45.0,0.0,1.0,0.0,0.0,0.0,TripleNeg,1.0,0.0,0.0,spy2,0,train
ISPY2-943879,1,320.0,72.0,7.0,0.0,2.0,6.0,2.2,0.5859,31.0,64.0,48.0,219.0,199.0,271.0,24.869931882642,40.0,0.0,0.0,0.0,0.0,0.0,TripleNeg,1.0,0.0,0.0,spy2,0,train
ISPY2-601489,0,320.0,150.0,6.0,0.0,2.0,5.0,1.2,0.7813,0.0,149.0,90.0,290.0,18.0,254.0,338.4419980579559,54.0,0.0,0.0,1.0,0.0,1.0,HER2pos,0.0,1.0,0.0,spy2,0,train
ISPY2-917762,0,256.0,65.0,8.0,0.0,2.0,5.0,2.0,0.6445,18.0,64.0,24.0,231.0,54.0,153.0,93.962335592,35.0,0.0,1.0,0.0,1.0,0.0,HRposHER2neg,0.0,0.0,1.0,spy2,0,train
ACRIN-6698-516834,0,256.0,80.0,8.0,0.0,2.0,6.0,2.0,0.625,38.0,55.0,150.0,184.0,99.0,139.0,1.44765625,46.0,0.0,1.0,0.0,1.0,0.0,HRposHER2neg,0.0,0.0,1.0,spy2,0,train
ISPY2-567201,1,256.0,72.0,7.0,0.0,2.0,6.0,2.2,0.7031,28.0,66.0,21.0,163.0,119.0,203.0,13.712071742336,47.0,0.0,1.0,0.0,0.0,0.0,TripleNeg,1.0,0.0,0.0,spy2,0,train
ISPY2-318407,0,384.0,160.0,7.0,0.0,2.0,5.0,1.0,0.7291666865,67.0,106.0,128.0,184.0,240.0,297.0,9.600619011856988,58.0,1.0,1.0,0.0,0.0,0.0,TripleNeg,1.0,0.0,0.0,spy2,0,train
ISPY2-233962,1,384.0,72.0,8.0,0.0,2.0,6.0,2.5,0.9375,39.0,55.0,115.0,165.0,92.0,131.0,7.081787109375,33.0,0.0,1.0,0.0,0.0,0.0,TripleNeg,1.0,0.0,0.0,spy2,0,train
ISPY2-473505,0,256.0,256.0,7.0,0.0,2.0,5.0,0.800001,1.25,49.0,109.0,137.0,186.0,34.0,73.0,22.103777629687503,56.0,1.0,0.0,1.0,1.0,0.0,HRposHER2neg,0.0,0.0,1.0,spy2,0,train
ACRIN-6698-689452,0,256.0,64.0,7.0,0.0,2.0,6.0,2.5,0.89999997615814,19.0,32.0,66.0,129.0,123.0,173.0,3.027374839603889,63.0,,1.0,0.0,0.0,0.0,TripleNeg,1.0,0.0,0.0,spy2,1,test
ISPY2-935460,0,256.0,64.0,7.0,0.0,2.0,5.0,2.5,0.6641,18.0,43.0,122.0,227.0,86.0,183.0,17.986257443824996,65.0,1.0,1.0,0.0,0.0,0.0,TripleNeg,1.0,0.0,0.0,spy2,0,train
ISPY2-712917,1,256.0,78.0,8.0,0.0,2.0,6.0,2.0,0.5664,45.0,63.0,38.0,117.0,128.0,165.0,2.88984711168,45.0,0.0,1.0,0.0,0.0,0.0,TripleNeg,1.0,0.0,0.0,spy2,0,train
ACRIN-6698-609151,1,256.0,80.0,8.0,0.0,2.0,6.0,2.0,0.625,31.0,57.0,104.0,217.0,67.0,139.0,6.43984375,40.0,0.0,1.0,0.0,0.0,1.0,HER2pos,0.0,1.0,0.0,spy2,0,train
ISPY2-552313,1,384.0,144.0,6.0,0.0,2.0,5.0,1.2000000477,0.88541666666667,59.0,96.0,157.0,216.0,272.0,332.0,10.694505633439997,61.0,1.0,0.0,0.0,0.0,1.0,HER2pos,0.0,1.0,0.0,spy2,1,test
ISPY2-181442,0,256.0,134.0,6.0,0.0,2.0,5.0,1.2,0.6641,17.0,69.0,91.0,193.0,93.0,169.0,38.455242470664,63.0,1.0,1.0,0.0,0.0,0.0,TripleNeg,1.0,0.0,0.0,spy2,0,train
ACRIN-6698-145777,0,256.0,134.0,7.0,0.0,2.0,5.0,1.2000000477,0.5859375,83.0,102.0,57.0,92.0,120.0,155.0,4.011108557879059,30.0,0.0,0.0,0.0,1.0,0.0,HRposHER2neg,0.0,0.0,1.0,spy2,0,train
ISPY2-254060,1,256.0,64.0,7.0,0.0,2.0,6.0,2.5,0.8999999762,11.0,26.0,75.0,100.0,106.0,146.0,7.101674624400306,38.0,0.0,1.0,0.0,0.0,0.0,TripleNeg,1.0,0.0,0.0,spy2,0,train
ISPY2-411806,0,384.0,176.0,7.0,0.0,2.0,5.0,1.1000000238,0.8072916865,35.0,81.0,237.0,287.0,57.0,106.0,15.798863015901132,45.0,0.0,1.0,0.0,1.0,0.0,HRposHER2neg,0.0,0.0,1.0,spy2,0,train
ISPY2-491779,1,384.0,160.0,7.0,0.0,2.0,5.0,1.0,0.9375,17.0,122.0,122.0,196.0,91.0,137.0,41.36572265625,70.0,1.0,1.0,0.0,1.0,1.0,HER2pos,0.0,1.0,0.0,spy2,1,test
ISPY2-575457,1,256.0,80.0,7.0,0.0,2.0,6.0,2.0,0.625,23.0,52.0,77.0,204.0,65.0,142.0,38.49609375,46.0,0.0,1.0,0.0,0.0,1.0,HER2pos,0.0,1.0,0.0,spy2,0,train
ISPY2-180663,0,384.0,176.0,7.0,0.0,2.0,5.0,1.1000000238,0.859375,38.0,137.0,78.0,187.0,255.0,345.0,60.02579414541957,39.0,0.0,1.0,0.0,1.0,0.0,HRposHER2neg,0.0,0.0,1.0,spy2,1,test
ISPY2-415039,0,384.0,160.0,6.0,0.0,2.0,4.0,1.0,0.8333333135,23.0,122.0,101.0,208.0,32.0,141.0,43.86944235625892,50.0,0.0,1.0,0.0,1.0,1.0,HER2pos,0.0,1.0,0.0,spy2,0,train
ISPY2-138425,1,256.0,64.0,9.0,0.0,2.0,6.0,2.5000000002,0.8653846383,9.0,30.0,36.0,129.0,33.0,82.0,23.092040795807712,62.0,1.0,1.0,0.0,0.0,1.0,HER2pos,0.0,1.0,0.0,spy2,0,train
ISPY2-783771,0,256.0,66.0,7.0,0.0,2.0,6.0,2.4,0.6641,7.0,22.0,62.0,164.0,50.0,124.0,63.31762419408,31.0,0.0,0.0,1.0,1.0,0.0,HRposHER2neg,0.0,0.0,1.0,spy2,0,train
ACRIN-6698-293142,0,256.0,66.0,7.0,0.0,2.0,5.0,2.4,0.7031,26.0,62.0,51.0,206.0,54.0,165.0,41.150452495776,56.0,1.0,1.0,0.0,1.0,0.0,HRposHER2neg,0.0,0.0,1.0,spy2,0,train
ACRIN-6698-706639,0,256.0,76.0,8.0,0.0,2.0,6.0,2.1,0.7422,48.0,62.0,111.0,158.0,151.0,186.0,5.800234128695999,50.0,0.0,1.0,0.0,0.0,0.0,TripleNeg,1.0,0.0,0.0,spy2,0,train
ISPY2-930853,1,256.0,80.0,8.0,0.0,2.0,6.0,2.0,0.5664,20.0,54.0,60.0,210.0,111.0,173.0,2.4554717798400003,45.0,0.0,0.0,0.0,1.0,0.0,HRposHER2neg,0.0,0.0,1.0,spy2,0,train
ISPY2-303685,1,256.0,124.0,7.0,0.0,2.0,5.0,1.2999999523,0.5859375,64.0,78.0,118.0,171.0,130.0,172.0,1.85668938499878,71.0,1.0,1.0,0.0,1.0,0.0,HRposHER2neg,0.0,0.0,1.0,spy2,0,train
ISPY2-930172,0,256.0,116.0,5.0,0.0,2.0,4.0,1.2,0.6641,49.0,97.0,90.0,183.0,35.0,136.0,87.497822554188,44.0,0.0,1.0,0.0,1.0,1.0,HER2pos,0.0,1.0,0.0,spy2,0,train
ISPY2-289107,1,256.0,134.0,6.0,0.0,2.0,5.0,1.2,0.6641,46.0,64.0,171.0,208.0,97.0,128.0,2.007915966168,50.0,1.0,0.0,0.0,0.0,0.0,TripleNeg,1.0,0.0,0.0,spy2,0,train
ACRIN-6698-563681,0,256.0,80.0,7.0,0.0,2.0,5.0,2.0,0.5859,19.0,70.0,54.0,235.0,78.0,225.0,140.86995214446,23.0,0.0,1.0,0.0,1.0,0.0,HRposHER2neg,0.0,0.0,1.0,spy2,0,train
ISPY2-848371,1,256.0,80.0,8.0,0.0,2.0,6.0,2.0,0.5664,40.0,76.0,80.0,160.0,136.0,226.0,21.77458735104,32.0,0.0,1.0,0.0,0.0,0.0,TripleNeg,1.0,0.0,0.0,spy2,1,test
ISPY2-960490,1,384.0,160.0,7.0,0.0,2.0,6.0,1.0,0.8854166865,54.0,105.0,140.0,184.0,95.0,156.0,26.817012377617395,36.0,0.0,1.0,0.0,0.0,0.0,TripleNeg,1.0,0.0,0.0,spy2,0,train
ISPY2-810965,1,256.0,80.0,8.0,0.0,2.0,6.0,2.0,0.6445,21.0,58.0,38.0,151.0,123.0,203.0,75.358284955,66.0,1.0,1.0,0.0,0.0,0.0,TripleNeg,1.0,0.0,0.0,spy2,0,train
ACRIN-6698-409288,0,256.0,64.0,7.0,0.0,2.0,6.0,2.5,0.625,28.0,48.0,125.0,224.0,74.0,143.0,8.5361328125,77.0,,0.0,1.0,0.0,0.0,TripleNeg,1.0,0.0,0.0,spy2,0,train
ISPY2-282777,0,256.0,64.0,9.0,0.0,2.0,6.0,2.5000000002,0.8413461447,7.0,23.0,58.0,139.0,92.0,178.0,20.82887863997201,48.0,0.0,1.0,0.0,1.0,0.0,HRposHER2neg,0.0,0.0,1.0,spy2,0,train
ACRIN-6698-774840,1,256.0,65.0,7.0,0.0,2.0,6.0,2.2,0.7031,16.0,54.0,117.0,227.0,69.0,184.0,41.761567483658,56.0,1.0,1.0,0.0,0.0,0.0,TripleNeg,1.0,0.0,0.0,spy2,0,train
ACRIN-6698-301665,0,256.0,80.0,8.0,0.0,2.0,6.0,2.0,0.7031,27.0,70.0,62.0,210.0,61.0,159.0,43.89330187189999,52.0,0.0,1.0,0.0,1.0,1.0,HER2pos,0.0,1.0,0.0,spy2,0,train
ISPY2-930903,0,256.0,134.0,6.0,0.0,2.0,5.0,1.2,0.6641,64.0,92.0,53.0,134.0,75.0,127.0,10.374585314916,34.0,0.0,1.0,0.0,1.0,0.0,HRposHER2neg,0.0,0.0,1.0,spy2,0,train
ISPY2-489973,0,256.0,64.0,7.0,0.0,2.0,6.0,2.5,0.8999999762,29.0,53.0,84.0,152.0,111.0,159.0,17.163899092220415,39.0,0.0,0.0,1.0,0.0,0.0,TripleNeg,1.0,0.0,0.0,spy2,0,train
ISPY2-714205,1,256.0,80.0,7.0,0.0,2.0,5.0,2.0,0.5859,24.0,54.0,63.0,164.0,110.0,207.0,15.40772610804,68.0,1.0,1.0,0.0,0.0,0.0,TripleNeg,1.0,0.0,0.0,spy2,0,train
ACRIN-6698-831848,1,256.0,72.0,7.0,0.0,2.0,6.0,2.2,0.7031,14.0,35.0,155.0,215.0,54.0,97.0,2.16970043829,38.0,0.0,1.0,0.0,0.0,1.0,HER2pos,0.0,1.0,0.0,spy2,0,train
ACRIN-6698-323721,0,256.0,72.0,7.0,0.0,2.0,6.0,2.2,0.7031,32.0,54.0,86.0,169.0,78.0,151.0,9.28240262697,65.0,1.0,1.0,0.0,1.0,0.0,HRposHER2neg,0.0,0.0,1.0,spy2,0,train
ACRIN-6698-275626,1,256.0,80.0,8.0,0.0,2.0,6.0,2.0,0.6641,47.0,59.0,143.0,185.0,135.0,181.0,4.258574189360001,42.0,0.0,1.0,0.0,0.0,0.0,TripleNeg,1.0,0.0,0.0,spy2,1,test
ACRIN-6698-296123,1,256.0,134.0,6.0,0.0,2.0,5.0,1.2,0.625,49.0,88.0,83.0,175.0,83.0,145.0,5.07234375,62.0,1.0,1.0,0.0,0.0,0.0,TripleNeg,1.0,0.0,0.0,spy2,0,train
ISPY2-906795,0,256.0,160.0,7.0,0.0,2.0,6.0,1.0,0.703125,83.0,128.0,118.0,155.0,78.0,121.0,3.530401611328125,29.0,0.0,1.0,0.0,1.0,1.0,HER2pos,0.0,1.0,0.0,spy2,0,train
ISPY2-212307,0,384.0,160.0,7.0,0.0,2.0,5.0,1.0,0.9375,48.0,120.0,104.0,171.0,36.0,101.0,43.42236328125,34.0,0.0,1.0,0.0,1.0,0.0,HRposHER2neg,0.0,0.0,1.0,spy2,0,train
ISPY2-229328,0,320.0,90.0,8.0,0.0,2.0,5.0,2.0,0.7031,32.0,85.0,125.0,300.0,40.0,190.0,88.18010603335999,39.0,0.0,1.0,0.0,1.0,0.0,HRposHER2neg,0.0,0.0,1.0,spy2,0,train
ISPY2-333145,1,256.0,80.0,7.0,0.0,2.0,5.0,2.0,0.6641,34.0,71.0,65.0,174.0,115.0,205.0,49.70041865652001,49.0,0.0,1.0,0.0,1.0,0.0,HRposHER2neg,0.0,0.0,1.0,spy2,0,train
ISPY2-912836,0,256.0,80.0,8.0,0.0,2.0,6.0,2.0,0.6055,48.0,61.0,80.0,129.0,91.0,134.0,3.7227635585,57.0,1.0,0.0,0.0,0.0,0.0,TripleNeg,1.0,0.0,0.0,spy2,0,train
ACRIN-6698-661730,1,256.0,72.0,7.0,0.0,2.0,6.0,2.2,0.7031,10.0,31.0,85.0,152.0,129.0,189.0,9.393334679454,39.0,0.0,1.0,0.0,0.0,0.0,TripleNeg,1.0,0.0,0.0,spy2,0,train
ISPY2-572016,1,384.0,160.0,7.0,0.0,2.0,5.0,1.0,0.78125,44.0,78.0,137.0,193.0,266.0,329.0,11.416015625,42.0,0.0,1.0,0.0,0.0,0.0,TripleNeg,1.0,0.0,0.0,spy2,0,train
ACRIN-6698-202535,0,256.0,160.0,7.0,0.0,2.0,5.0,1.0,0.625,69.0,124.0,92.0,175.0,71.0,176.0,22.801171875,32.0,0.0,1.0,0.0,1.0,1.0,HER2pos,0.0,1.0,0.0,spy2,0,train
ISPY2-478055,0,256.0,64.0,7.0,0.0,2.0,5.0,2.5,0.6641,2.0,27.0,19.0,185.0,82.0,186.0,39.91090216095,31.0,0.0,0.0,1.0,1.0,0.0,HRposHER2neg,0.0,0.0,1.0,spy2,0,train
ISPY2-347516,0,256.0,64.0,7.0,0.0,2.0,6.0,2.5,0.625,4.0,22.0,70.0,140.0,96.0,159.0,16.1572265625,39.0,0.0,1.0,0.0,0.0,0.0,TripleNeg,1.0,0.0,0.0,spy2,0,train
ACRIN-6698-399478,1,256.0,72.0,8.0,0.0,2.0,6.0,2.2,0.6836,40.0,60.0,47.0,168.0,125.0,182.0,3.450235513472,54.0,0.0,1.0,0.0,0.0,0.0,TripleNeg,1.0,0.0,0.0,spy2,0,train
ISPY2-395249,0,256.0,80.0,7.0,0.0,2.0,5.0,2.0,0.5859,32.0,63.0,49.0,161.0,78.0,167.0,4.4385950133,68.0,1.0,1.0,0.0,0.0,0.0,TripleNeg,1.0,0.0,0.0,spy2,0,train
ISPY2-759418,0,320.0,80.0,7.0,0.0,2.0,5.0,2.0,0.625,20.0,38.0,74.0,153.0,181.0,251.0,12.74453125,42.0,0.0,1.0,0.0,1.0,0.0,HRposHER2neg,0.0,0.0,1.0,spy2,0,train
ISPY2-200222,0,256.0,134.0,5.0,0.0,2.0,4.0,1.2,0.7813,14.0,55.0,60.0,175.0,19.0,71.0,10.084542650676,70.0,1.0,1.0,0.0,1.0,0.0,HRposHER2neg,0.0,0.0,1.0,spy2,0,train
ISPY2-651401,0,256.0,76.0,8.0,0.0,2.0,6.0,2.1,0.6445,9.0,27.0,86.0,140.0,103.0,162.0,8.127205357425,37.0,0.0,1.0,0.0,0.0,0.0,TripleNeg,1.0,0.0,0.0,spy2,0,train
ISPY2-924812,0,256.0,160.0,7.0,0.0,2.0,6.0,1.0,0.703125,95.0,129.0,69.0,152.0,110.0,183.0,3.774627685546875,60.0,,1.0,0.0,0.0,0.0,TripleNeg,1.0,0.0,0.0,spy2,0,train
ISPY2-555214,1,320.0,90.0,8.0,0.0,2.0,6.0,2.0,0.625,21.0,41.0,141.0,283.0,174.0,246.0,15.2953125,49.0,0.0,1.0,0.0,0.0,1.0,HER2pos,0.0,1.0,0.0,spy2,0,train
ACRIN-6698-296841,1,256.0,80.0,8.0,0.0,2.0,6.0,2.0,0.6836,40.0,54.0,114.0,152.0,151.0,186.0,4.76561677408,65.0,1.0,1.0,0.0,1.0,1.0,HER2pos,0.0,1.0,0.0,spy2,0,train
ISPY2-604380,1,256.0,80.0,8.0,0.0,2.0,6.0,2.0,0.703125,45.0,67.0,107.0,173.0,91.0,192.0,19.1761962890625,52.0,0.0,0.0,1.0,0.0,0.0,TripleNeg,1.0,0.0,0.0,spy2,0,train
ACRIN-6698-683896,0,256.0,80.0,8.0,0.0,2.0,6.0,2.0,0.703125,49.0,72.0,103.0,174.0,66.0,119.0,6.46556396484375,61.0,1.0,1.0,0.0,1.0,0.0,HRposHER2neg,0.0,0.0,1.0,spy2,0,train
ACRIN-6698-356431,1,320.0,80.0,8.0,0.0,2.0,6.0,2.0,0.7227,8.0,64.0,102.0,232.0,74.0,182.0,72.2073238425,48.0,0.0,1.0,0.0,0.0,1.0,HER2pos,0.0,1.0,0.0,spy2,0,train
ACRIN-6698-879224,0,256.0,160.0,7.0,0.0,2.0,6.0,1.0,0.66666668653488,62.0,112.0,62.0,115.0,132.0,182.0,16.887556562132243,33.0,0.0,1.0,0.0,0.0,0.0,TripleNeg,1.0,0.0,0.0,spy2,0,train
ISPY2-752469,0,320.0,148.0,6.0,0.0,2.0,5.0,1.2,0.6641,71.0,116.0,151.0,218.0,61.0,121.0,8.635520511324001,55.0,1.0,1.0,0.0,0.0,0.0,TripleNeg,1.0,0.0,0.0,spy2,0,train
ACRIN-6698-116603,0,256.0,80.0,8.0,0.0,2.0,6.0,2.2,0.7227,3.0,69.0,71.0,231.0,104.0,214.0,112.71027899142,39.0,0.0,1.0,0.0,0.0,0.0,TripleNeg,1.0,0.0,0.0,spy2,1,test
ACRIN-6698-664111,1,256.0,72.0,7.0,0.0,2.0,6.0,2.2,0.7031,11.0,26.0,127.0,220.0,152.0,209.0,6.838634764896,49.0,0.0,1.0,0.0,0.0,0.0,TripleNeg,1.0,0.0,0.0,spy2,0,train
ACRIN-6698-973837,0,256.0,160.0,7.0,0.0,2.0,6.0,1.0,0.64453125,60.0,113.0,81.0,129.0,105.0,192.0,8.764957809448243,47.0,0.0,0.0,0.0,1.0,0.0,HRposHER2neg,0.0,0.0,1.0,spy2,1,test
ACRIN-6698-760901,1,256.0,80.0,7.0,0.0,2.0,6.0,2.0,0.625,39.0,67.0,15.0,88.0,6.0,83.0,11.5109375,44.0,0.0,1.0,0.0,0.0,0.0,TripleNeg,1.0,0.0,0.0,spy2,0,train
ACRIN-6698-165925,0,256.0,72.0,7.0,0.0,2.0,6.0,2.2,0.7031,8.0,26.0,91.0,165.0,88.0,157.0,10.156808217138,50.0,0.0,0.0,1.0,0.0,0.0,TripleNeg,1.0,0.0,0.0,spy2,1,test
ISPY2-313243,1,256.0,64.0,7.0,0.0,2.0,6.0,2.5,0.89999997615814,25.0,52.0,56.0,152.0,68.0,109.0,22.594948802876385,36.0,,1.0,0.0,1.0,0.0,HRposHER2neg,0.0,0.0,1.0,spy2,0,train
ISPY2-701790,0,256.0,134.0,6.0,0.0,2.0,5.0,1.2,0.7031,52.0,72.0,194.0,224.0,97.0,134.0,2.499233888316,65.0,1.0,0.0,0.0,1.0,0.0,HRposHER2neg,0.0,0.0,1.0,spy2,0,train
ISPY2-375455,0,256.0,80.0,8.0,0.0,2.0,5.0,2.0,0.6055,39.0,62.0,89.0,140.0,81.0,135.0,2.5730110945,56.0,1.0,1.0,0.0,1.0,1.0,HER2pos,0.0,1.0,0.0,spy2,0,train
ISPY2-899381,1,256.0,80.0,8.0,0.0,2.0,6.0,2.0,0.5469,22.0,33.0,75.0,120.0,46.0,89.0,3.4438329095400007,45.0,0.0,1.0,0.0,1.0,0.0,HRposHER2neg,0.0,0.0,1.0,spy2,0,train
ACRIN-6698-430441,0,256.0,160.0,7.0,0.0,2.0,5.0,1.0,0.5859375,77.0,151.0,62.0,187.0,90.0,203.0,37.31849670410156,30.0,0.0,1.0,0.0,1.0,0.0,HRposHER2neg,0.0,0.0,1.0,spy2,1,test
ISPY2-329941,1,256.0,66.0,7.0,0.0,2.0,6.0,2.4,0.7031,41.0,53.0,73.0,129.0,129.0,191.0,7.2977866826639985,47.0,0.0,1.0,0.0,1.0,1.0,HER2pos,0.0,1.0,0.0,spy2,0,train
ISPY2-820348,0,384.0,160.0,7.0,0.0,2.0,6.0,1.0,0.78125,113.0,141.0,165.0,205.0,77.0,114.0,7.6922607421875,33.0,0.0,1.0,0.0,1.0,0.0,HRposHER2neg,0.0,0.0,1.0,spy2,0,train
ACRIN-6698-748583,0,256.0,72.0,7.0,0.0,2.0,6.0,2.2,0.7031,29.0,45.0,162.0,208.0,80.0,141.0,5.419357034586,67.0,1.0,1.0,0.0,1.0,0.0,HRposHER2neg,0.0,0.0,1.0,spy2,0,train
ISPY2-218249,0,256.0,158.0,7.0,0.0,2.0,6.0,1.0,0.64453125,44.0,70.0,54.0,105.0,139.0,172.0,1.7389503479003907,59.0,1.0,1.0,0.0,1.0,0.0,HRposHER2neg,0.0,0.0,1.0,spy2,0,train
ISPY2-655703,0,384.0,160.0,6.0,0.0,2.0,5.0,1.0,0.7552083135,98.0,130.0,115.0,168.0,248.0,294.0,1.7823112399359815,64.0,1.0,1.0,0.0,1.0,0.0,HRposHER2neg,0.0,0.0,1.0,spy2,0,train
ISPY2-201831,1,320.0,150.0,6.0,0.0,2.0,5.0,1.2,0.7227,22.0,45.0,198.0,236.0,134.0,171.0,1.2622832568719995,44.0,0.0,1.0,0.0,0.0,0.0,TripleNeg,1.0,0.0,0.0,spy2,0,train
ACRIN-6698-938719,0,256.0,80.0,7.0,0.0,2.0,5.0,2.0,0.5859,13.0,64.0,28.0,171.0,86.0,222.0,16.889317452,57.0,1.0,1.0,0.0,1.0,0.0,HRposHER2neg,0.0,0.0,1.0,spy2,0,train
ISPY2-728287,1,320.0,150.0,6.0,0.0,2.0,5.0,1.2,0.6641,75.0,124.0,108.0,194.0,146.0,231.0,3.112428517932,66.0,,1.0,0.0,1.0,1.0,HER2pos,0.0,1.0,0.0,spy2,0,train
ISPY2-687733,0,256.0,64.0,7.0,0.0,2.0,5.0,2.5,0.625,30.0,49.0,39.0,116.0,123.0,188.0,31.7353515625,43.0,0.0,1.0,0.0,1.0,0.0,HRposHER2neg,0.0,0.0,1.0,spy2,0,train
ISPY2-646233,0,256.0,80.0,8.0,0.0,2.0,6.0,2.0,0.6641,23.0,36.0,168.0,221.0,115.0,160.0,1.9537576283,58.0,1.0,1.0,0.0,1.0,0.0,HRposHER2neg,0.0,0.0,1.0,spy2,0,train
ISPY2-831702,0,256.0,134.0,6.0,0.0,2.0,5.0,1.2,0.7422,34.0,61.0,64.0,131.0,140.0,184.0,1.546156205712,42.0,0.0,0.0,0.0,1.0,1.0,HER2pos,0.0,1.0,0.0,spy2,1,test
ACRIN-6698-275034,1,320.0,160.0,7.0,0.0,2.0,5.0,1.1000000238,0.3125,26.0,44.0,148.0,234.0,15.0,106.0,3.8033789885412888,27.0,0.0,1.0,0.0,1.0,1.0,HER2pos,0.0,1.0,0.0,spy2,0,train
ACRIN-6698-219545,0,256.0,80.0,7.0,0.0,2.0,5.0,2.0,0.7031,19.0,69.0,37.0,188.0,80.0,213.0,32.19501270086,56.0,1.0,1.0,0.0,0.0,0.0,TripleNeg,1.0,0.0,0.0,spy2,0,train
ISPY2-367682,0,256.0,80.0,7.0,0.0,2.0,5.0,2.0,0.6641,39.0,60.0,16.0,84.0,37.0,109.0,13.208812859500002,55.0,1.0,1.0,0.0,0.0,0.0,TripleNeg,1.0,0.0,0.0,spy2,0,train
ACRIN-6698-982086,1,256.0,80.0,8.0,0.0,2.0,6.0,2.0,0.6055,50.0,62.0,83.0,123.0,136.0,180.0,2.5370813300000004,56.0,1.0,1.0,0.0,0.0,1.0,HER2pos,0.0,1.0,0.0,spy2,0,train
ACRIN-6698-102212,0,256.0,80.0,8.0,0.0,2.0,6.0,2.0,0.6055,15.0,52.0,104.0,200.0,155.0,217.0,31.1071101915,26.0,0.0,1.0,0.0,0.0,0.0,TripleNeg,1.0,0.0,0.0,spy2,1,test
ACRIN-6698-108969,1,256.0,80.0,8.0,0.0,2.0,6.0,2.0,0.703125,10.0,67.0,38.0,237.0,116.0,234.0,78.85140380859374,64.0,1.0,1.0,0.0,0.0,1.0,HER2pos,0.0,1.0,0.0,spy2,0,train
ACRIN-6698-721099,0,256.0,134.0,6.0,0.0,2.0,5.0,1.2,0.6445,51.0,89.0,125.0,189.0,80.0,149.0,4.4651715354,47.0,,1.0,0.0,1.0,1.0,HER2pos,0.0,1.0,0.0,spy2,0,train
ACRIN-6698-397505,1,256.0,134.0,6.0,0.0,2.0,5.0,1.2,0.7031,94.0,121.0,64.0,124.0,53.0,114.0,7.036176869051999,41.0,,1.0,0.0,1.0,1.0,HER2pos,0.0,1.0,0.0,spy2,0,train
ISPY2-268937,1,256.0,158.0,7.0,0.0,2.0,6.0,1.0,0.64453125,58.0,81.0,94.0,154.0,97.0,135.0,2.256979751586914,50.0,1.0,0.0,0.0,1.0,1.0,HER2pos,0.0,1.0,0.0,spy2,0,train
ISPY2-109874,1,256.0,80.0,8.0,0.0,2.0,5.0,2.0,0.5469,53.0,71.0,78.0,145.0,80.0,137.0,5.4783084567600016,43.0,0.0,0.0,0.0,0.0,0.0,TripleNeg,1.0,0.0,0.0,spy2,1,test
ISPY2-473468,0,256.0,66.0,7.0,0.0,2.0,6.0,2.4,0.5078,41.0,65.0,50.0,119.0,9.0,77.0,10.636450216992,54.0,1.0,0.0,1.0,0.0,0.0,TripleNeg,1.0,0.0,0.0,spy2,0,train
ACRIN-6698-896852,0,312.0,90.0,8.0,0.0,2.0,6.0,2.0,0.6641,17.0,64.0,73.0,272.0,149.0,243.0,57.200554599380006,41.0,0.0,1.0,0.0,1.0,1.0,HER2pos,0.0,1.0,0.0,spy2,0,train
ISPY2-965265,0,320.0,70.0,6.0,0.0,2.0,5.0,2.6,0.625,44.0,65.0,82.0,214.0,84.0,192.0,52.919140625,48.0,0.0,1.0,0.0,0.0,0.0,TripleNeg,1.0,0.0,0.0,spy2,0,train
ISPY2-153880,0,256.0,80.0,8.0,0.0,2.0,5.0,2.0,0.6836,40.0,60.0,89.0,162.0,120.0,180.0,10.1452775216,39.0,0.0,1.0,0.0,1.0,1.0,HER2pos,0.0,1.0,0.0,spy2,1,test
ACRIN-6698-992609,1,256.0,80.0,7.0,0.0,2.0,5.0,2.0,0.5859,17.0,48.0,86.0,214.0,100.0,205.0,29.40663597984,54.0,1.0,1.0,0.0,0.0,0.0,TripleNeg,1.0,0.0,0.0,spy2,0,train
ACRIN-6698-653927,1,256.0,80.0,8.0,0.0,2.0,6.0,2.0,0.6641,30.0,53.0,135.0,194.0,129.0,201.0,16.530641856420004,38.0,0.0,0.0,0.0,0.0,0.0,TripleNeg,1.0,0.0,0.0,spy2,0,train
ISPY2-676365,0,384.0,176.0,7.0,0.0,2.0,5.0,1.1000000238,0.8333333135,84.0,122.0,221.0,278.0,289.0,332.0,9.13458309616633,31.0,0.0,1.0,0.0,0.0,0.0,TripleNeg,1.0,0.0,0.0,spy2,0,train
ISPY2-458196,0,256.0,134.0,6.0,0.0,2.0,5.0,1.2,0.7031,69.0,94.0,140.0,185.0,102.0,149.0,4.138892674763999,46.0,,0.0,0.0,1.0,0.0,HRposHER2neg,0.0,0.0,1.0,spy2,0,train
ISPY2-423979,0,256.0,80.0,8.0,0.0,2.0,6.0,2.0,0.5664,22.0,50.0,110.0,190.0,131.0,196.0,4.222487531520001,54.0,0.0,1.0,0.0,1.0,0.0,HRposHER2neg,0.0,0.0,1.0,spy2,0,train
ISPY2-318293,0,320.0,72.0,7.0,0.0,2.0,6.0,2.5,0.8999999762,36.0,53.0,43.0,116.0,121.0,158.0,4.732424749707304,47.0,0.0,1.0,0.0,1.0,0.0,HRposHER2neg,0.0,0.0,1.0,spy2,0,train
ACRIN-6698-150547,0,256.0,80.0,8.0,0.0,2.0,6.0,2.0,0.6445,32.0,59.0,72.0,147.0,94.0,171.0,9.5113769645,51.0,0.0,1.0,0.0,1.0,0.0,HRposHER2neg,0.0,0.0,1.0,spy2,0,train
ISPY2-111344,0,320.0,180.0,7.0,0.0,2.0,6.0,1.0,0.703125,71.0,125.0,39.0,141.0,139.0,221.0,22.04263916015625,55.0,1.0,1.0,0.0,1.0,0.0,HRposHER2neg,0.0,0.0,1.0,spy2,1,test
ISPY2-849605,0,256.0,160.0,7.0,0.0,2.0,5.0,1.2000000477,1.40625,61.0,122.0,101.0,160.0,25.0,76.0,100.15444734051412,33.0,0.0,1.0,0.0,0.0,0.0,TripleNeg,1.0,0.0,0.0,spy2,0,train
ISPY2-797499,1,256.0,66.0,7.0,0.0,2.0,6.0,2.4,0.5078,39.0,52.0,56.0,108.0,134.0,177.0,3.2026316328,52.0,1.0,0.0,1.0,0.0,1.0,HER2pos,0.0,1.0,0.0,spy2,0,train
ISPY2-639663,0,384.0,72.0,9.0,0.0,2.0,6.0,2.5,0.8333333135,26.0,51.0,213.0,278.0,57.0,122.0,24.56597105288196,30.0,0.0,1.0,0.0,0.0,0.0,TripleNeg,1.0,0.0,0.0,spy2,0,train
ISPY2-768214,0,384.0,176.0,7.0,0.0,2.0,5.0,1.1000000238,0.8333333135,44.0,131.0,172.0,227.0,288.0,341.0,14.993610721822437,51.0,,1.0,0.0,0.0,0.0,TripleNeg,1.0,0.0,0.0,spy2,0,train
ACRIN-6698-294739,0,256.0,80.0,6.0,0.0,2.0,5.0,2.0,0.703125,8.0,25.0,73.0,134.0,95.0,154.0,8.91177978515625,42.0,0.0,0.0,1.0,1.0,0.0,HRposHER2neg,0.0,0.0,1.0,spy2,1,test
ACRIN-6698-691753,0,256.0,67.0,8.0,0.0,2.0,6.0,2.0,0.6641,35.0,54.0,11.0,70.0,132.0,192.0,9.48388353024,49.0,0.0,1.0,0.0,1.0,0.0,HRposHER2neg,0.0,0.0,1.0,spy2,0,train
ISPY2-539904,0,256.0,80.0,8.0,0.0,2.0,5.0,2.0,0.6055,38.0,57.0,70.0,170.0,122.0,189.0,15.718905338500004,45.0,1.0,1.0,0.0,1.0,1.0,HER2pos,0.0,1.0,0.0,spy2,0,train
ISPY2-453596,1,256.0,72.0,8.0,0.0,2.0,5.0,2.2,0.7031,29.0,50.0,97.0,169.0,60.0,141.0,16.912787727242,57.0,,1.0,0.0,1.0,1.0,HER2pos,0.0,1.0,0.0,spy2,1,test
ISPY2-997702,1,256.0,134.0,6.0,0.0,2.0,5.0,1.2,0.6641,52.0,118.0,76.0,158.0,89.0,174.0,6.177225924384,31.0,0.0,0.0,0.0,0.0,0.0,TripleNeg,1.0,0.0,0.0,spy2,1,test
ACRIN-6698-118307,0,256.0,72.0,7.0,0.0,2.0,6.0,2.2,0.7031,9.0,41.0,85.0,214.0,109.0,230.0,27.373027734998,44.0,0.0,1.0,0.0,0.0,0.0,TripleNeg,1.0,0.0,0.0,spy2,0,train
ISPY2-706943,0,256.0,80.0,7.0,0.0,2.0,5.0,2.5,0.8999999762,8.0,66.0,27.0,172.0,93.0,231.0,68.00759640315366,52.0,,0.0,1.0,0.0,1.0,HER2pos,0.0,1.0,0.0,spy2,0,train
ISPY2-591079,1,256.0,80.0,7.0,0.0,2.0,5.0,2.0,0.625,20.0,37.0,54.0,121.0,164.0,206.0,3.934375,43.0,0.0,1.0,0.0,0.0,0.0,TripleNeg,1.0,0.0,0.0,spy2,0,train
ISPY2-825363,1,384.0,72.0,9.0,0.0,2.0,6.0,2.5,0.9375,44.0,55.0,221.0,251.0,249.0,279.0,7.06640625,29.0,0.0,1.0,0.0,0.0,1.0,HER2pos,0.0,1.0,0.0,spy2,0,train
ACRIN-6698-955035,0,256.0,72.0,7.0,0.0,2.0,6.0,2.2,0.7031,16.0,71.0,101.0,224.0,62.0,207.0,99.21349497895,46.0,0.0,1.0,0.0,0.0,0.0,TripleNeg,1.0,0.0,0.0,spy2,1,test
ISPY2-726091,1,128.0,134.0,7.0,0.0,2.0,5.0,1.2000000477,1.171875,17.0,46.0,82.0,110.0,53.0,77.0,6.692322043363539,43.0,0.0,1.0,0.0,0.0,0.0,TripleNeg,1.0,0.0,0.0,spy2,0,train
ACRIN-6698-179568,0,256.0,80.0,8.0,0.0,2.0,6.0,2.0,0.6836,10.0,25.0,67.0,137.0,126.0,172.0,6.22829381888,52.0,1.0,1.0,0.0,1.0,0.0,HRposHER2neg,0.0,0.0,1.0,spy2,0,train
ACRIN-6698-280375,0,256.0,72.0,7.0,0.0,2.0,6.0,2.2,0.7031,24.0,46.0,85.0,160.0,106.0,154.0,9.743531943178,57.0,1.0,1.0,0.0,0.0,0.0,TripleNeg,1.0,0.0,0.0,spy2,1,test
ISPY2-668752,0,256.0,134.0,6.0,0.0,2.0,5.0,1.2,0.6641,40.0,62.0,123.0,173.0,83.0,132.0,4.402173169896,58.0,0.0,1.0,0.0,0.0,0.0,TripleNeg,1.0,0.0,0.0,spy2,0,train
ISPY2-568331,0,256.0,134.0,6.0,0.0,2.0,5.0,1.2,0.7031,22.0,102.0,58.0,219.0,64.0,206.0,17.750908056036,51.0,1.0,1.0,0.0,0.0,0.0,TripleNeg,1.0,0.0,0.0,spy2,1,test
ISPY2-924895,0,256.0,80.0,8.0,0.0,2.0,5.0,2.0,0.5859,22.0,59.0,45.0,203.0,110.0,214.0,114.45808050306,39.0,0.0,1.0,0.0,1.0,0.0,HRposHER2neg,0.0,0.0,1.0,spy2,0,train
ISPY2-125418,0,256.0,124.0,7.0,0.0,2.0,5.0,1.2999999523,0.5859375,49.0,103.0,81.0,162.0,83.0,175.0,6.610885377548539,49.0,0.0,1.0,0.0,1.0,0.0,HRposHER2neg,0.0,0.0,1.0,spy2,0,train
ISPY2-719713,0,256.0,124.0,7.0,0.0,2.0,5.0,1.2999999523,0.5859375,41.0,83.0,94.0,186.0,75.0,140.0,9.76100885815464,38.0,0.0,1.0,0.0,1.0,0.0,HRposHER2neg,0.0,0.0,1.0,spy2,0,train
ISPY2-160120,0,256.0,80.0,8.0,0.0,2.0,6.0,2.0,0.703125,44.0,67.0,34.0,147.0,69.0,167.0,14.8691162109375,55.0,1.0,0.0,1.0,1.0,0.0,HRposHER2neg,0.0,0.0,1.0,spy2,0,train
ISPY2-920479,0,256.0,80.0,8.0,0.0,2.0,5.0,2.0,0.6836,35.0,68.0,82.0,181.0,71.0,147.0,10.53594781216,45.0,0.0,1.0,0.0,0.0,1.0,HER2pos,0.0,1.0,0.0,spy2,0,train
ISPY2-789497,0,384.0,176.0,7.0,0.0,2.0,6.0,1.0,0.78125,99.0,125.0,117.0,157.0,272.0,310.0,3.1951904296875,54.0,1.0,1.0,0.0,1.0,0.0,HRposHER2neg,0.0,0.0,1.0,spy2,0,train
ISPY2-282644,0,256.0,72.0,6.0,0.0,2.0,5.0,2.2,0.6641,45.0,57.0,140.0,187.0,110.0,155.0,1.4961461350440002,62.0,1.0,1.0,0.0,1.0,1.0,HER2pos,0.0,1.0,0.0,spy2,0,train
ISPY2-484867,0,256.0,80.0,8.0,0.0,2.0,5.0,2.0,0.6445,9.0,63.0,46.0,206.0,76.0,176.0,42.6155213685,51.0,1.0,1.0,0.0,1.0,1.0,HER2pos,0.0,1.0,0.0,spy2,0,train
ISPY2-342996,0,256.0,80.0,8.0,0.0,2.0,6.0,2.0,0.6055,33.0,68.0,68.0,129.0,76.0,180.0,4.6540043935,42.0,0.0,1.0,0.0,1.0,0.0,HRposHER2neg,0.0,0.0,1.0,spy2,0,train
ACRIN-6698-760011,1,256.0,80.0,8.0,0.0,2.0,6.0,2.0,0.703125,30.0,51.0,161.0,221.0,86.0,140.0,5.32847900390625,49.0,0.0,1.0,0.0,1.0,1.0,HER2pos,0.0,1.0,0.0,spy2,0,train
ISPY2-139771,1,312.0,78.0,7.0,0.0,2.0,6.0,2.4,0.5469,43.0,77.0,3.0,119.0,15.0,134.0,94.29462160797604,55.0,1.0,1.0,0.0,0.0,0.0,TripleNeg,1.0,0.0,0.0,spy2,0,train
ACRIN-6698-355942,0,256.0,134.0,6.0,0.0,2.0,5.0,1.2,0.7031,38.0,90.0,80.0,170.0,68.0,131.0,12.575660858867998,52.0,,1.0,0.0,1.0,0.0,HRposHER2neg,0.0,0.0,1.0,spy2,0,train
ACRIN-6698-104268,0,256.0,80.0,8.0,0.0,2.0,6.0,2.0,0.703125,36.0,60.0,119.0,202.0,154.0,231.0,35.923974609375,50.0,1.0,0.0,1.0,0.0,0.0,TripleNeg,1.0,0.0,0.0,spy2,0,train
ISPY2-116165,0,256.0,72.0,7.0,0.0,2.0,6.0,2.2,0.7031,26.0,53.0,87.0,162.0,144.0,201.0,14.628892529042,55.0,1.0,1.0,0.0,1.0,0.0,HRposHER2neg,0.0,0.0,1.0,spy2,1,test
ISPY2-420523,0,256.0,160.0,8.0,0.0,2.0,6.0,1.0,0.5769230723381,39.0,81.0,71.0,169.0,124.0,202.0,8.335650755082241,39.0,0.0,1.0,0.0,1.0,1.0,HER2pos,0.0,1.0,0.0,spy2,0,train
ISPY2-654956,0,256.0,134.0,6.0,0.0,2.0,5.0,1.2,0.7031,48.0,82.0,97.0,155.0,101.0,147.0,11.981254887803996,46.0,0.0,1.0,0.0,0.0,1.0,HER2pos,0.0,1.0,0.0,spy2,0,train
ISPY2-145513,0,384.0,160.0,7.0,0.0,2.0,5.0,1.0,0.78125,49.0,98.0,132.0,192.0,250.0,302.0,5.791015625,32.0,0.0,1.0,0.0,1.0,1.0,HER2pos,0.0,1.0,0.0,spy2,0,train
ISPY2-780272,0,320.0,180.0,7.0,0.0,2.0,6.0,1.0,0.703125,70.0,117.0,113.0,185.0,82.0,152.0,18.51767578125,54.0,1.0,1.0,0.0,0.0,0.0,TripleNeg,1.0,0.0,0.0,spy2,0,train
ISPY2-419590,0,256.0,72.0,7.0,0.0,2.0,6.0,2.2,0.7031,31.0,54.0,66.0,153.0,78.0,139.0,11.93607133345,63.0,1.0,0.0,1.0,0.0,0.0,TripleNeg,1.0,0.0,0.0,spy2,1,test
ISPY2-924868,1,256.0,80.0,8.0,0.0,2.0,6.0,2.0,0.703125,35.0,56.0,42.0,171.0,111.0,167.0,12.76600341796875,56.0,1.0,1.0,0.0,0.0,0.0,TripleNeg,1.0,0.0,0.0,spy2,0,train
ACRIN-6698-335536,0,256.0,72.0,7.0,0.0,2.0,6.0,2.2,0.7031,11.0,24.0,135.0,183.0,90.0,129.0,2.101183582344,67.0,1.0,0.0,1.0,1.0,0.0,HRposHER2neg,0.0,0.0,1.0,spy2,0,train
ISPY2-957408,0,256.0,64.0,8.0,0.0,2.0,5.0,2.5,0.7031,34.0,56.0,62.0,128.0,123.0,182.0,5.924780075849998,29.0,0.0,1.0,0.0,1.0,0.0,HRposHER2neg,0.0,0.0,1.0,spy2,0,train
ISPY2-125130,1,256.0,80.0,8.0,0.0,2.0,6.0,2.0,0.6445,21.0,36.0,57.0,154.0,66.0,129.0,17.668614314,48.0,0.0,1.0,0.0,0.0,1.0,HER2pos,0.0,1.0,0.0,spy2,0,train
ISPY2-520258,0,384.0,72.0,8.0,0.0,2.0,6.0,2.5,0.8333333135,18.0,42.0,166.0,216.0,251.0,304.0,19.845485166465984,37.0,0.0,1.0,0.0,1.0,0.0,HRposHER2neg,0.0,0.0,1.0,spy2,0,train
ISPY2-872188,1,256.0,72.0,8.0,0.0,2.0,6.0,2.2,0.7031,18.0,38.0,144.0,235.0,93.0,162.0,10.982273195916,60.0,1.0,1.0,0.0,0.0,1.0,HER2pos,0.0,1.0,0.0,spy2,1,test
ISPY2-388581,1,256.0,116.0,5.0,0.0,2.0,4.0,1.2,0.625,82.0,105.0,115.0,148.0,123.0,174.0,4.69734375,48.0,0.0,1.0,0.0,1.0,1.0,HER2pos,0.0,1.0,0.0,spy2,0,train
ISPY2-402384,0,256.0,160.0,7.0,0.0,2.0,6.0,1.0,0.703125,38.0,116.0,38.0,147.0,42.0,153.0,6.472979736328125,59.0,1.0,1.0,0.0,0.0,0.0,TripleNeg,1.0,0.0,0.0,spy2,0,train
ISPY2-833536,1,256.0,160.0,7.0,0.0,2.0,5.0,1.2999999523,1.171875,70.0,135.0,66.0,140.0,11.0,70.0,61.02259602754162,50.0,0.0,1.0,0.0,0.0,0.0,TripleNeg,1.0,0.0,0.0,spy2,0,train
ISPY2-896621,0,384.0,160.0,7.0,0.0,2.0,6.0,1.0,0.8333333135,37.0,90.0,135.0,211.0,290.0,345.0,4.549305339008614,48.0,0.0,1.0,0.0,1.0,0.0,HRposHER2neg,0.0,0.0,1.0,spy2,0,train
ISPY2-877463,0,384.0,160.0,7.0,0.0,2.0,5.0,1.2999999523,0.78125,55.0,119.0,137.0,224.0,33.0,122.0,76.3377047185246,45.0,0.0,0.0,0.0,0.0,0.0,TripleNeg,1.0,0.0,0.0,spy2,0,train
ISPY2-227881,1,256.0,66.0,7.0,0.0,2.0,6.0,2.4,0.6641,21.0,60.0,72.0,236.0,44.0,175.0,115.77535497072,49.0,0.0,1.0,0.0,1.0,1.0,HER2pos,0.0,1.0,0.0,spy2,1,test
ISPY2-846156,0,384.0,160.0,7.0,0.0,2.0,6.0,1.0,0.8333333135,55.0,107.0,168.0,240.0,267.0,338.0,39.438192567186405,44.0,0.0,1.0,0.0,0.0,0.0,TripleNeg,1.0,0.0,0.0,spy2,0,train
ISPY2-683374,0,256.0,134.0,6.0,0.0,2.0,5.0,1.2,0.6641,42.0,104.0,88.0,210.0,77.0,231.0,88.459441771512,58.0,1.0,1.0,0.0,1.0,1.0,HER2pos,0.0,1.0,0.0,spy2,0,train
ISPY2-301968,0,320.0,150.0,6.0,0.0,2.0,5.0,1.2,0.7813,40.0,72.0,187.0,254.0,162.0,230.0,17.053696335467997,45.0,0.0,0.0,1.0,1.0,0.0,HRposHER2neg,0.0,0.0,1.0,spy2,0,train
ISPY2-771813,0,256.0,64.0,7.0,0.0,2.0,6.0,2.5,0.8999999762,24.0,35.0,79.0,126.0,91.0,125.0,6.585299651710806,49.0,0.0,1.0,0.0,0.0,0.0,TripleNeg,1.0,0.0,0.0,spy2,0,train
ISPY2-567907,0,320.0,136.0,6.0,0.0,2.0,5.0,1.2,0.7031,40.0,77.0,222.0,282.0,121.0,185.0,12.565576126823997,52.0,0.0,1.0,0.0,1.0,0.0,HRposHER2neg,0.0,0.0,1.0,spy2,0,train
ISPY2-225836,0,256.0,80.0,8.0,0.0,2.0,5.0,2.0,0.6055,21.0,44.0,70.0,147.0,93.0,157.0,9.392333744500002,70.0,1.0,1.0,0.0,0.0,0.0,TripleNeg,1.0,0.0,0.0,spy2,0,train
ISPY2-983841,1,256.0,134.0,6.0,0.0,2.0,5.0,1.2,0.7422,48.0,78.0,123.0,177.0,105.0,163.0,7.048594964304,52.0,1.0,1.0,0.0,0.0,0.0,TripleNeg,1.0,0.0,0.0,spy2,0,train
ISPY2-209397,0,256.0,134.0,6.0,0.0,2.0,5.0,1.2,0.7031,61.0,104.0,100.0,198.0,85.0,165.0,22.728613149048,45.0,0.0,1.0,0.0,1.0,0.0,HRposHER2neg,0.0,0.0,1.0,spy2,0,train
ACRIN-6698-412772,0,256.0,80.0,8.0,0.0,2.0,6.0,2.0,0.703125,31.0,47.0,141.0,181.0,107.0,143.0,5.96129150390625,62.0,1.0,1.0,0.0,0.0,0.0,TripleNeg,1.0,0.0,0.0,spy2,1,test
ISPY2-460776,1,256.0,70.0,8.0,0.0,2.0,5.0,2.3,0.6836,22.0,29.0,94.0,130.0,77.0,110.0,1.36500947216,61.0,1.0,1.0,0.0,1.0,0.0,HRposHER2neg,0.0,0.0,1.0,spy2,0,train
ISPY2-840501,1,256.0,160.0,7.0,0.0,2.0,5.0,1.2999999523,1.25,55.0,105.0,76.0,126.0,182.0,227.0,39.07718606616782,33.0,0.0,1.0,0.0,0.0,0.0,TripleNeg,1.0,0.0,0.0,spy2,1,test
ISPY2-932200,0,256.0,80.0,7.0,0.0,2.0,5.0,2.0,0.625,30.0,54.0,55.0,139.0,61.0,157.0,66.2109375,24.0,0.0,1.0,0.0,1.0,0.0,HRposHER2neg,0.0,0.0,1.0,spy2,0,train
ACRIN-6698-856159,0,256.0,80.0,8.0,0.0,2.0,6.0,2.0,0.6055,22.0,35.0,123.0,165.0,145.0,184.0,1.853682544,46.0,0.0,1.0,0.0,1.0,1.0,HER2pos,0.0,1.0,0.0,spy2,0,train
ISPY2-299840,0,256.0,64.0,7.0,0.0,2.0,6.0,2.5,0.6071428656578,18.0,44.0,80.0,205.0,92.0,165.0,13.697089032151888,36.0,0.0,1.0,0.0,0.0,0.0,TripleNeg,1.0,0.0,0.0,spy2,0,train
ISPY2-267306,1,256.0,200.0,7.0,0.0,2.0,5.0,0.800001,0.625,74.0,178.0,45.0,206.0,76.0,205.0,53.55725444648437,56.0,1.0,1.0,0.0,0.0,0.0,TripleNeg,1.0,0.0,0.0,spy2,0,train
ISPY2-466267,1,384.0,160.0,7.0,0.0,2.0,5.0,1.0,0.7291666865,15.0,41.0,143.0,179.0,67.0,110.0,4.12905838434299,51.0,1.0,1.0,0.0,0.0,0.0,TripleNeg,1.0,0.0,0.0,spy2,0,train
ISPY2-934906,0,256.0,80.0,8.0,0.0,2.0,6.0,2.0,0.6641,25.0,66.0,55.0,174.0,85.0,192.0,72.60128064458002,32.0,0.0,1.0,0.0,0.0,0.0,TripleNeg,1.0,0.0,0.0,spy2,0,train
ISPY2-129837,0,256.0,134.0,6.0,0.0,2.0,5.0,1.2000021583,0.742200017,35.0,104.0,29.0,182.0,58.0,194.0,15.506540901769398,67.0,1.0,1.0,0.0,0.0,0.0,TripleNeg,1.0,0.0,0.0,spy2,0,train
ISPY2-862244,0,384.0,66.0,7.0,0.0,2.0,6.0,2.4,0.6445,20.0,58.0,139.0,321.0,254.0,336.0,52.0876864374,60.0,1.0,1.0,0.0,0.0,1.0,HER2pos,0.0,1.0,0.0,spy2,0,train
ISPY2-455828,1,256.0,64.0,7.0,0.0,2.0,5.0,2.5,0.625,15.0,51.0,35.0,208.0,65.0,150.0,34.814453125,50.0,0.0,1.0,0.0,1.0,0.0,HRposHER2neg,0.0,0.0,1.0,spy2,0,train
ISPY2-239061,0,448.0,200.0,7.0,0.0,2.0,5.0,0.800001,0.625,84.0,152.0,204.0,281.0,82.0,157.0,17.125333906640627,70.0,1.0,0.0,1.0,0.0,0.0,TripleNeg,1.0,0.0,0.0,spy2,0,train
ISPY2-974618,1,256.0,64.0,8.0,0.0,2.0,5.0,2.5,0.7031,32.0,56.0,94.0,190.0,128.0,195.0,11.889108120499998,67.0,1.0,1.0,0.0,0.0,0.0,TripleNeg,1.0,0.0,0.0,spy2,1,test
ISPY2-815493,1,256.0,64.0,7.0,0.0,2.0,6.0,2.5,0.625,25.0,52.0,67.0,201.0,117.0,186.0,15.5927734375,37.0,0.0,1.0,0.0,0.0,0.0,TripleNeg,1.0,0.0,0.0,spy2,0,train
ISPY2-797427,0,256.0,80.0,9.0,0.0,2.0,5.0,2.0,0.625,34.0,42.0,55.0,91.0,129.0,156.0,1.48359375,52.0,1.0,1.0,0.0,1.0,1.0,HER2pos,0.0,1.0,0.0,spy2,0,train
ISPY2-254273,0,384.0,144.0,6.0,0.0,2.0,5.0,1.2000000477,0.98958333333333,41.0,64.0,144.0,173.0,51.0,84.0,1.7638705128221714,51.0,0.0,1.0,0.0,1.0,1.0,HER2pos,0.0,1.0,0.0,spy2,0,train
ACRIN-6698-690089,0,256.0,72.0,7.0,0.0,2.0,6.0,2.2,0.7031,32.0,48.0,140.0,207.0,57.0,117.0,5.156165302222,43.0,0.0,1.0,0.0,0.0,0.0,TripleNeg,1.0,0.0,0.0,spy2,0,train
ISPY2-597253,0,256.0,160.0,7.0,0.0,2.0,5.0,1.0,0.5625,38.0,100.0,21.0,161.0,42.0,185.0,4.00728515625,59.0,1.0,1.0,0.0,1.0,0.0,HRposHER2neg,0.0,0.0,1.0,spy2,0,train
ISPY2-491526,0,256.0,80.0,8.0,0.0,2.0,5.0,2.0,0.625,23.0,56.0,57.0,222.0,79.0,159.0,7.140625,71.0,1.0,1.0,0.0,1.0,0.0,HRposHER2neg,0.0,0.0,1.0,spy2,0,train
ACRIN-6698-598835,0,256.0,134.0,7.0,0.0,2.0,5.0,1.2000000477,0.625,66.0,98.0,103.0,176.0,158.0,212.0,24.28546971534738,41.0,0.0,0.0,0.0,0.0,1.0,HER2pos,0.0,1.0,0.0,spy2,0,train
ISPY2-103693,0,256.0,80.0,8.0,0.0,2.0,5.0,2.0,0.5664,19.0,34.0,146.0,194.0,103.0,156.0,5.70847463424,59.0,1.0,1.0,0.0,1.0,0.0,HRposHER2neg,0.0,0.0,1.0,spy2,0,train
ACRIN-6698-839274,0,256.0,160.0,7.0,0.0,2.0,6.0,1.0,0.64285713434219,37.0,109.0,74.0,225.0,82.0,195.0,78.27781935491647,68.0,1.0,1.0,0.0,1.0,1.0,HER2pos,0.0,1.0,0.0,spy2,0,train
ISPY2-136536,1,256.0,64.0,7.0,0.0,2.0,6.0,2.5,0.8999999762,14.0,25.0,96.0,130.0,106.0,143.0,3.1832998316388026,42.0,0.0,0.0,0.0,0.0,0.0,TripleNeg,1.0,0.0,0.0,spy2,0,train
ISPY2-157463,0,256.0,80.0,8.0,0.0,2.0,5.0,2.0,0.6445,17.0,67.0,66.0,203.0,58.0,168.0,12.371685365999998,44.0,0.0,1.0,0.0,1.0,0.0,HRposHER2neg,0.0,0.0,1.0,spy2,0,train
ISPY2-570148,0,256.0,80.0,9.0,0.0,2.0,5.0,2.0,0.6641,10.0,51.0,99.0,209.0,87.0,198.0,29.749157349740003,44.0,0.0,1.0,0.0,1.0,1.0,HER2pos,0.0,1.0,0.0,spy2,0,train
ISPY2-882538,1,384.0,160.0,7.0,0.0,2.0,6.0,1.0,0.9375,34.0,78.0,186.0,235.0,52.0,108.0,31.6916015625,56.0,1.0,1.0,0.0,0.0,0.0,TripleNeg,1.0,0.0,0.0,spy2,1,test
ISPY2-151230,0,256.0,80.0,8.0,0.0,2.0,6.0,2.0,0.703125,21.0,75.0,24.0,188.0,80.0,214.0,44.878271484375,45.0,0.0,0.0,1.0,1.0,1.0,HER2pos,0.0,1.0,0.0,spy2,0,train
ISPY2-380972,0,256.0,80.0,8.0,0.0,2.0,6.0,2.0,0.5859,11.0,29.0,55.0,139.0,113.0,179.0,7.221213047159999,28.0,0.0,1.0,0.0,1.0,0.0,HRposHER2neg,0.0,0.0,1.0,spy2,0,train
ISPY2-666450,0,256.0,80.0,9.0,0.0,2.0,5.0,2.0,0.625,10.0,60.0,81.0,235.0,66.0,208.0,48.12578125,45.0,0.0,1.0,0.0,1.0,1.0,HER2pos,0.0,1.0,0.0,spy2,1,test
ISPY2-439489,0,256.0,66.0,7.0,0.0,2.0,6.0,2.4,0.5664,17.0,47.0,46.0,167.0,125.0,204.0,24.656606724096,41.0,0.0,1.0,0.0,1.0,0.0,HRposHER2neg,0.0,0.0,1.0,spy2,0,train
ISPY2-570380,0,256.0,134.0,6.0,0.0,2.0,5.0,1.2,0.6836,36.0,94.0,65.0,203.0,77.0,190.0,21.650797963968,44.0,0.0,1.0,0.0,0.0,0.0,TripleNeg,1.0,0.0,0.0,spy2,0,train
ISPY2-133650,0,256.0,80.0,7.0,0.0,2.0,5.0,2.0,0.5859,12.0,33.0,35.0,110.0,50.0,125.0,14.71361635422,54.0,1.0,1.0,0.0,1.0,0.0,HRposHER2neg,0.0,0.0,1.0,spy2,0,train
ISPY2-502486,0,312.0,80.0,8.0,0.0,2.0,5.0,2.0,0.625,26.0,71.0,48.0,217.0,19.0,156.0,168.715625,28.0,0.0,1.0,0.0,0.0,0.0,TripleNeg,1.0,0.0,0.0,spy2,0,train
ACRIN-6698-987914,0,256.0,72.0,7.0,0.0,2.0,6.0,2.2,0.7031,27.0,46.0,91.0,185.0,102.0,165.0,4.6515332203340005,57.0,1.0,0.0,1.0,0.0,0.0,TripleNeg,1.0,0.0,0.0,spy2,0,train
ISPY2-437162,0,256.0,134.0,6.0,0.0,2.0,5.0,1.2,0.7031,47.0,70.0,166.0,210.0,124.0,169.0,9.387105874367998,45.0,0.0,1.0,0.0,1.0,1.0,HER2pos,0.0,1.0,0.0,spy2,0,train
ACRIN-6698-255388,1,384.0,160.0,7.0,0.0,2.0,5.0,1.0,0.78125,38.0,79.0,142.0,191.0,60.0,100.0,5.2978515625,57.0,1.0,1.0,0.0,0.0,1.0,HER2pos,0.0,1.0,0.0,spy2,0,train
ISPY2-377460,1,384.0,160.0,7.0,0.0,2.0,5.0,1.2000000477,0.78125,55.0,99.0,163.0,231.0,240.0,292.0,3.1809083295661007,53.0,1.0,0.0,0.0,0.0,1.0,HER2pos,0.0,1.0,0.0,spy2,0,train
ISPY2-127675,0,256.0,134.0,6.0,0.0,2.0,5.0,1.2,0.7422,33.0,99.0,67.0,220.0,55.0,159.0,26.165008522656,59.0,1.0,1.0,0.0,0.0,0.0,TripleNeg,1.0,0.0,0.0,spy2,0,train
ISPY2-790722,0,256.0,80.0,8.0,0.0,2.0,5.0,2.0,0.6445,26.0,69.0,106.0,222.0,81.0,190.0,17.804859035999996,64.0,1.0,1.0,0.0,0.0,0.0,TripleNeg,1.0,0.0,0.0,spy2,0,train
ISPY2-709559,0,256.0,80.0,4.0,0.0,1.0,3.0,2.0,0.5859,29.0,55.0,70.0,150.0,83.0,161.0,30.99876310062,48.0,0.0,1.0,0.0,1.0,0.0,HRposHER2neg,0.0,0.0,1.0,spy2,0,train
ACRIN-6698-284443,0,256.0,80.0,8.0,0.0,2.0,6.0,2.0,0.6641,19.0,73.0,55.0,202.0,99.0,193.0,28.5654360237,46.0,0.0,1.0,0.0,1.0,1.0,HER2pos,0.0,1.0,0.0,spy2,0,train
ISPY2-923968,1,384.0,176.0,7.0,0.0,2.0,5.0,1.1000000238,0.8854166865,51.0,136.0,56.0,192.0,49.0,162.0,45.0384234023452,40.0,0.0,1.0,0.0,1.0,0.0,HRposHER2neg,0.0,0.0,1.0,spy2,0,train
ISPY2-477816,0,384.0,160.0,6.0,0.0,2.0,5.0,1.0,0.83333331346512,39.0,92.0,108.0,195.0,302.0,359.0,10.499305054909698,39.0,0.0,0.0,1.0,1.0,0.0,HRposHER2neg,0.0,0.0,1.0,spy2,1,test
ACRIN-6698-298101,0,256.0,80.0,7.0,0.0,2.0,5.0,2.0,0.5859,37.0,64.0,75.0,164.0,156.0,230.0,8.56274663664,71.0,1.0,1.0,0.0,1.0,1.0,HER2pos,0.0,1.0,0.0,spy2,0,train
ISPY2-151980,1,384.0,160.0,7.0,0.0,2.0,5.0,1.0,0.9895833135,60.0,103.0,122.0,176.0,279.0,329.0,10.773005753068388,46.0,0.0,1.0,0.0,1.0,0.0,HRposHER2neg,0.0,0.0,1.0,spy2,0,train
ACRIN-6698-115987,0,256.0,72.0,7.0,0.0,2.0,6.0,2.2,0.7031,44.0,68.0,73.0,184.0,62.0,116.0,15.616405309978,42.0,0.0,1.0,0.0,0.0,0.0,TripleNeg,1.0,0.0,0.0,spy2,0,train
ACRIN-6698-804979,0,256.0,134.0,6.0,0.0,2.0,5.0,1.2,0.6641,63.0,97.0,65.0,129.0,134.0,187.0,7.663845837132,47.0,,0.0,0.0,1.0,0.0,HRposHER2neg,0.0,0.0,1.0,spy2,0,train
ISPY2-632408,0,256.0,80.0,8.0,0.0,2.0,5.0,2.0,0.5859,41.0,69.0,15.0,167.0,56.0,129.0,12.4198273458,65.0,1.0,1.0,0.0,1.0,0.0,HRposHER2neg,0.0,0.0,1.0,spy2,0,train
ISPY2-105286,0,384.0,176.0,7.0,0.0,2.0,5.0,1.1000000238,0.9895833135,39.0,75.0,139.0,179.0,64.0,105.0,5.181344847991727,65.0,,1.0,0.0,1.0,0.0,HRposHER2neg,0.0,0.0,1.0,spy2,0,train
ISPY2-765773,1,256.0,80.0,8.0,0.0,2.0,6.0,2.0,0.6445,39.0,64.0,85.0,157.0,89.0,150.0,8.769507837999999,49.0,0.0,1.0,0.0,0.0,0.0,TripleNeg,1.0,0.0,0.0,spy2,0,train
ISPY2-803514,0,256.0,134.0,6.0,0.0,2.0,5.0,1.2,0.7813,25.0,96.0,100.0,231.0,98.0,202.0,48.859524903228,55.0,1.0,1.0,0.0,1.0,0.0,HRposHER2neg,0.0,0.0,1.0,spy2,0,train
ISPY2-202956,1,256.0,66.0,6.0,0.0,2.0,5.0,2.4,0.6055,16.0,30.0,75.0,145.0,78.0,146.0,7.901615148000001,49.0,0.0,1.0,0.0,0.0,0.0,TripleNeg,1.0,0.0,0.0,spy2,0,train
ACRIN-6698-144302,0,256.0,134.0,7.0,0.0,2.0,5.0,1.2000000477,0.5859375,83.0,100.0,43.0,88.0,94.0,140.0,1.7163391795526044,52.0,1.0,1.0,0.0,1.0,1.0,HER2pos,0.0,1.0,0.0,spy2,0,train
ISPY2-362993,0,256.0,134.0,6.0,0.0,2.0,5.0,1.2,0.7813,42.0,122.0,94.0,227.0,70.0,185.0,33.736739763168,35.0,0.0,0.0,1.0,0.0,0.0,TripleNeg,1.0,0.0,0.0,spy2,1,test
ISPY2-809649,1,256.0,66.0,7.0,0.0,2.0,6.0,2.4,0.5078,37.0,49.0,52.0,112.0,153.0,216.0,6.350184190176,44.0,0.0,0.0,1.0,0.0,1.0,HER2pos,0.0,1.0,0.0,spy2,0,train
ISPY2-552549,0,256.0,66.0,7.0,0.0,2.0,6.0,2.4,0.5469,35.0,47.0,183.0,219.0,109.0,150.0,1.4586489780480003,57.0,1.0,1.0,0.0,1.0,0.0,HRposHER2neg,0.0,0.0,1.0,spy2,1,test
ISPY2-220664,1,256.0,66.0,7.0,0.0,2.0,5.0,2.4,0.625,12.0,50.0,116.0,203.0,56.0,194.0,28.2778125,47.0,0.0,0.0,0.0,0.0,0.0,TripleNeg,1.0,0.0,0.0,spy2,0,train
ISPY2-411950,0,384.0,176.0,7.0,0.0,2.0,5.0,1.1000000238,0.8333333135,32.0,84.0,118.0,196.0,60.0,105.0,16.53437457070749,61.0,1.0,1.0,0.0,1.0,0.0,HRposHER2neg,0.0,0.0,1.0,spy2,0,train
ISPY2-114087,0,256.0,64.0,7.0,0.0,2.0,5.0,2.5,0.6445,33.0,51.0,118.0,183.0,137.0,196.0,15.410607274999998,46.0,0.0,1.0,0.0,1.0,0.0,HRposHER2neg,0.0,0.0,1.0,spy2,0,train
ISPY2-240432,0,256.0,72.0,7.0,0.0,2.0,6.0,2.2,0.7031,11.0,52.0,59.0,201.0,94.0,236.0,100.54032933219,48.0,1.0,0.0,1.0,1.0,0.0,HRposHER2neg,0.0,0.0,1.0,spy2,1,test
ISPY2-414286,0,256.0,160.0,7.0,0.0,2.0,5.0,1.2999999523,1.171875,58.0,101.0,36.0,97.0,177.0,221.0,17.726027791973923,62.0,1.0,1.0,0.0,1.0,0.0,HRposHER2neg,0.0,0.0,1.0,spy2,0,train
ISPY2-301289,0,256.0,64.0,9.0,0.0,2.0,6.0,2.5,0.84134614467621,31.0,46.0,59.0,100.0,64.0,121.0,22.74718827541552,42.0,0.0,1.0,0.0,1.0,0.0,HRposHER2neg,0.0,0.0,1.0,spy2,0,train
ISPY2-462605,1,384.0,176.0,7.0,0.0,2.0,5.0,1.1000000238,0.9895833135,20.0,65.0,111.0,189.0,281.0,350.0,22.90348319293141,46.0,0.0,1.0,0.0,0.0,1.0,HER2pos,0.0,1.0,0.0,spy2,0,train
ISPY2-697871,1,256.0,160.0,7.0,0.0,2.0,5.0,1.0000000246,0.5625,17.0,59.0,62.0,194.0,112.0,222.0,21.18846145873614,39.0,0.0,1.0,0.0,0.0,0.0,TripleNeg,1.0,0.0,0.0,spy2,0,train
ISPY2-442981,1,256.0,124.0,7.0,0.0,2.0,5.0,1.2999999523,0.5859375,40.0,80.0,38.0,161.0,89.0,201.0,17.77199870703519,35.0,0.0,1.0,0.0,1.0,0.0,HRposHER2neg,0.0,0.0,1.0,spy2,0,train
ACRIN-6698-435279,0,256.0,72.0,7.0,0.0,2.0,5.0,2.2,0.5469,7.0,54.0,52.0,230.0,40.0,197.0,29.94776719070401,47.0,0.0,1.0,0.0,1.0,0.0,HRposHER2neg,0.0,0.0,1.0,spy2,0,train
ISPY2-204939,1,256.0,64.0,9.0,0.0,2.0,6.0,2.5000000002,0.793269217,19.0,44.0,71.0,140.0,72.0,148.0,27.91625879874112,49.0,0.0,0.0,1.0,1.0,1.0,HER2pos,0.0,1.0,0.0,spy2,0,train
ACRIN-6698-688955,0,256.0,72.0,7.0,0.0,2.0,6.0,2.2,0.7031,26.0,42.0,151.0,205.0,106.0,156.0,6.17739272656,40.0,0.0,1.0,0.0,1.0,0.0,HRposHER2neg,0.0,0.0,1.0,spy2,0,train
ACRIN-6698-700549,0,256.0,80.0,8.0,0.0,2.0,6.0,2.0,0.625,31.0,57.0,64.0,221.0,70.0,143.0,20.61875,34.0,0.0,1.0,0.0,1.0,0.0,HRposHER2neg,0.0,0.0,1.0,spy2,1,test
ISPY2-536253,1,256.0,80.0,7.0,0.0,2.0,5.0,2.0,0.5859,35.0,60.0,18.0,98.0,59.0,122.0,6.26346516726,51.0,1.0,1.0,0.0,1.0,1.0,HER2pos,0.0,1.0,0.0,spy2,0,train
ISPY2-442669,0,256.0,66.0,7.0,0.0,2.0,5.0,2.4,0.7031,6.0,26.0,95.0,168.0,42.0,94.0,14.013031784903996,53.0,1.0,1.0,0.0,0.0,0.0,TripleNeg,1.0,0.0,0.0,spy2,0,train
ISPY2-147139,1,256.0,134.0,6.0,0.0,2.0,5.0,1.2,0.7031,16.0,71.0,77.0,221.0,85.0,191.0,22.18937659446,52.0,0.0,1.0,0.0,0.0,0.0,TripleNeg,1.0,0.0,0.0,spy2,0,train
ACRIN-6698-328160,0,256.0,80.0,8.0,0.0,2.0,6.0,2.0,0.6445,41.0,50.0,93.0,123.0,83.0,115.0,1.6432442689999998,55.0,1.0,1.0,0.0,1.0,0.0,HRposHER2neg,0.0,0.0,1.0,spy2,0,train
ACRIN-6698-860243,0,256.0,72.0,7.0,0.0,2.0,6.0,2.2,0.7031,19.0,68.0,78.0,212.0,57.0,172.0,57.931545486914,47.0,0.0,1.0,0.0,1.0,0.0,HRposHER2neg,0.0,0.0,1.0,spy2,0,train
ISPY2-228192,0,256.0,160.0,7.0,0.0,2.0,6.0,1.0,0.703125,72.0,117.0,64.0,135.0,117.0,183.0,8.718475341796875,56.0,1.0,1.0,0.0,0.0,0.0,TripleNeg,1.0,0.0,0.0,spy2,0,train
ACRIN-6698-284593,0,256.0,80.0,7.0,0.0,2.0,5.0,2.0,0.5469,34.0,58.0,117.0,204.0,64.0,148.0,24.423277754160004,32.0,0.0,1.0,0.0,0.0,0.0,TripleNeg,1.0,0.0,0.0,spy2,0,train
ISPY2-248255,0,256.0,134.0,6.0,0.0,2.0,5.0,1.2,0.6836,59.0,92.0,159.0,209.0,102.0,163.0,8.165382919871998,31.0,0.0,1.0,0.0,1.0,0.0,HRposHER2neg,0.0,0.0,1.0,spy2,0,train
ACRIN-6698-875089,0,256.0,160.0,7.0,0.0,2.0,6.0,1.0,0.66666668653488,32.0,83.0,30.0,142.0,83.0,149.0,10.161778383466896,42.0,0.0,0.0,0.0,0.0,0.0,TripleNeg,1.0,0.0,0.0,spy2,0,train
ACRIN-6698-771443,0,256.0,80.0,8.0,0.0,2.0,6.0,2.0,0.6641,15.0,68.0,86.0,220.0,87.0,204.0,41.46817488906001,51.0,0.0,1.0,0.0,1.0,1.0,HER2pos,0.0,1.0,0.0,spy2,0,train
ISPY2-889049,0,256.0,134.0,6.0,0.0,2.0,5.0,1.2,0.7422,66.0,107.0,107.0,172.0,84.0,146.0,37.30407574046399,36.0,0.0,1.0,0.0,0.0,1.0,HER2pos,0.0,1.0,0.0,spy2,0,train
ISPY2-531672,0,256.0,160.0,7.0,0.0,2.0,5.0,1.1000000238,1.328125,72.0,106.0,46.0,72.0,201.0,232.0,3.979571008955008,28.0,0.0,1.0,0.0,1.0,0.0,HRposHER2neg,0.0,0.0,1.0,spy2,0,train
ACRIN-6698-462582,0,256.0,72.0,7.0,0.0,2.0,6.0,2.2,0.7031,14.0,55.0,91.0,227.0,69.0,152.0,8.572219977244,55.0,1.0,1.0,0.0,1.0,0.0,HRposHER2neg,0.0,0.0,1.0,spy2,0,train
ACRIN-6698-641246,1,384.0,176.0,6.0,0.0,2.0,5.0,1.0,0.78125,31.0,78.0,120.0,206.0,288.0,341.0,5.0872802734375,58.0,1.0,1.0,0.0,1.0,1.0,HER2pos,0.0,1.0,0.0,spy2,0,train
ISPY2-894128,1,256.0,90.0,7.0,0.0,2.0,6.0,2.0,0.7813,68.0,86.0,87.0,136.0,114.0,157.0,6.459566979580001,57.0,1.0,0.0,1.0,0.0,0.0,TripleNeg,1.0,0.0,0.0,spy2,0,train
ACRIN-6698-196064,1,256.0,72.0,7.0,0.0,2.0,6.0,2.2,0.7031,32.0,55.0,106.0,168.0,137.0,174.0,4.814668591634001,50.0,1.0,1.0,0.0,1.0,0.0,HRposHER2neg,0.0,0.0,1.0,spy2,1,test
ISPY2-578975,1,312.0,76.0,7.0,0.0,2.0,6.0,2.4,0.6055,30.0,42.0,51.0,233.0,137.0,208.0,12.9250361814,43.0,0.0,0.0,1.0,0.0,0.0,TripleNeg,1.0,0.0,0.0,spy2,0,train
ISPY2-335091,1,256.0,160.0,7.0,0.0,2.0,5.0,1.0,0.546875,45.0,119.0,56.0,159.0,104.0,194.0,4.59375,39.0,0.0,1.0,0.0,1.0,1.0,HER2pos,0.0,1.0,0.0,spy2,0,train
ISPY2-829491,0,384.0,176.0,7.0,0.0,2.0,5.0,1.1000000238,0.8854166865,25.0,120.0,50.0,172.0,247.0,346.0,109.1729244622532,57.0,1.0,1.0,0.0,0.0,0.0,TripleNeg,1.0,0.0,0.0,spy2,0,train
ISPY2-406190,0,384.0,72.0,8.0,0.0,2.0,6.0,2.5,0.9375,7.0,53.0,57.0,190.0,53.0,133.0,52.64208984375,54.0,1.0,1.0,0.0,0.0,0.0,TripleNeg,1.0,0.0,0.0,spy2,0,train
ISPY2-781335,0,312.0,90.0,7.0,0.0,2.0,5.0,2.0,0.7421875,6.0,86.0,37.0,222.0,78.0,298.0,180.67847290039063,57.0,1.0,0.0,1.0,0.0,0.0,TripleNeg,1.0,0.0,0.0,spy2,0,train
ACRIN-6698-801641,0,256.0,126.0,7.0,0.0,2.0,5.0,1.0,0.625,17.0,80.0,31.0,167.0,92.0,175.0,20.326171875,53.0,0.0,1.0,0.0,0.0,0.0,TripleNeg,1.0,0.0,0.0,spy2,0,train
ISPY2-628692,0,256.0,80.0,7.0,0.0,2.0,6.0,2.0,0.625,12.0,74.0,21.0,218.0,43.0,197.0,36.6859375,58.0,1.0,1.0,0.0,1.0,0.0,HRposHER2neg,0.0,0.0,1.0,spy2,0,train
ACRIN-6698-213913,1,256.0,134.0,6.0,0.0,2.0,5.0,1.2,0.6641,70.0,99.0,176.0,222.0,93.0,138.0,5.451645326172,69.0,1.0,0.0,0.0,0.0,1.0,HER2pos,0.0,1.0,0.0,spy2,0,train
ACRIN-6698-580632,0,256.0,80.0,8.0,0.0,2.0,6.0,2.0,0.6445,22.0,71.0,118.0,209.0,67.0,183.0,14.563231565,64.0,1.0,1.0,0.0,1.0,0.0,HRposHER2neg,0.0,0.0,1.0,spy2,0,train
ISPY2-783578,1,256.0,160.0,7.0,0.0,2.0,6.0,1.0,0.83333331346512,58.0,105.0,59.0,110.0,42.0,83.0,3.190972070064823,48.0,1.0,1.0,0.0,0.0,0.0,TripleNeg,1.0,0.0,0.0,spy2,0,train
ISPY2-847753,1,256.0,72.0,7.0,0.0,2.0,6.0,2.2,0.7031,28.0,48.0,100.0,169.0,140.0,195.0,4.05119505395,54.0,1.0,0.0,1.0,1.0,0.0,HRposHER2neg,0.0,0.0,1.0,spy2,0,train
ISPY2-910706,1,256.0,64.0,9.0,0.0,2.0,6.0,2.5000000002,0.9375,23.0,59.0,27.0,164.0,31.0,124.0,38.01928711241654,37.0,0.0,0.0,1.0,0.0,0.0,TripleNeg,1.0,0.0,0.0,spy2,0,train
ISPY2-553012,0,256.0,72.0,7.0,0.0,2.0,6.0,2.2,0.7031,31.0,31.0,173.0,192.0,157.0,174.0,0.20120029127,63.0,1.0,1.0,0.0,1.0,0.0,HRposHER2neg,0.0,0.0,1.0,spy2,0,train
ISPY2-782334,0,384.0,176.0,7.0,0.0,2.0,6.0,1.0,0.88541668653488,112.0,139.0,139.0,201.0,242.0,285.0,3.643858670476399,46.0,0.0,0.0,1.0,1.0,0.0,HRposHER2neg,0.0,0.0,1.0,spy2,0,train
ISPY2-836114,0,256.0,80.0,8.0,0.0,2.0,5.0,2.0,0.625,30.0,57.0,89.0,187.0,44.0,121.0,32.1625,48.0,0.0,1.0,0.0,1.0,0.0,HRposHER2neg,0.0,0.0,1.0,spy2,0,train
ISPY2-944419,0,256.0,80.0,9.0,0.0,2.0,5.0,2.0,0.6445,38.0,62.0,109.0,189.0,67.0,132.0,4.4719837715,38.0,0.0,1.0,0.0,1.0,0.0,HRposHER2neg,0.0,0.0,1.0,spy2,0,train
ISPY2-159352,0,256.0,160.0,7.0,0.0,2.0,5.0,1.2000000477,1.171875,23.0,65.0,82.0,120.0,41.0,77.0,11.7927250781358,57.0,1.0,1.0,0.0,1.0,1.0,HER2pos,0.0,1.0,0.0,spy2,0,train
ISPY2-374121,0,312.0,88.0,7.0,0.0,2.0,5.0,2.0,0.5469,31.0,60.0,55.0,202.0,111.0,204.0,22.058596237500005,57.0,1.0,1.0,0.0,0.0,0.0,TripleNeg,1.0,0.0,0.0,spy2,0,train
ACRIN-6698-103939,0,256.0,64.0,7.0,0.0,2.0,5.0,2.5,0.5859,22.0,46.0,112.0,183.0,108.0,182.0,15.8285859291,51.0,0.0,1.0,0.0,1.0,0.0,HRposHER2neg,0.0,0.0,1.0,spy2,0,train
ISPY2-676048,0,256.0,80.0,8.0,0.0,2.0,6.0,2.0,0.703125,36.0,66.0,82.0,157.0,61.0,132.0,12.69085693359375,52.0,0.0,1.0,0.0,0.0,0.0,TripleNeg,1.0,0.0,0.0,spy2,0,train
ISPY2-416434,1,320.0,76.0,7.0,0.0,2.0,6.0,2.4,0.5078,20.0,55.0,113.0,245.0,133.0,264.0,60.48796440384,65.0,1.0,1.0,0.0,0.0,1.0,HER2pos,0.0,1.0,0.0,spy2,0,train
ISPY2-472799,1,256.0,134.0,6.0,0.0,2.0,5.0,1.2,0.6641,49.0,92.0,157.0,229.0,111.0,161.0,7.652202676548001,63.0,1.0,1.0,0.0,0.0,1.0,HER2pos,0.0,1.0,0.0,spy2,0,train
ISPY2-178649,1,256.0,64.0,7.0,0.0,2.0,6.0,2.5,0.8999999762,29.0,44.0,22.0,72.0,108.0,149.0,7.300124613904506,58.0,1.0,1.0,0.0,0.0,0.0,TripleNeg,1.0,0.0,0.0,spy2,0,train
ACRIN-6698-928446,0,256.0,158.0,7.0,0.0,2.0,6.0,1.0,0.64453125,36.0,119.0,27.0,196.0,96.0,182.0,10.700402069091798,39.0,0.0,1.0,0.0,1.0,0.0,HRposHER2neg,0.0,0.0,1.0,spy2,0,train
ISPY2-245655,0,256.0,134.0,6.0,0.0,2.0,5.0,1.2000000477,0.9375,51.0,104.0,30.0,137.0,56.0,131.0,36.202149876535394,43.0,0.0,1.0,0.0,0.0,0.0,TripleNeg,1.0,0.0,0.0,spy2,0,train
ISPY2-117707,1,312.0,80.0,8.0,0.0,2.0,6.0,2.0,0.7421875,14.0,39.0,155.0,284.0,142.0,236.0,45.929229736328125,50.0,0.0,0.0,1.0,0.0,0.0,TripleNeg,1.0,0.0,0.0,spy2,0,train
ISPY2-553141,1,256.0,80.0,8.0,0.0,2.0,5.0,2.0,0.6055,9.0,27.0,48.0,166.0,137.0,195.0,4.541815537000001,70.0,1.0,1.0,0.0,1.0,0.0,HRposHER2neg,0.0,0.0,1.0,spy2,0,train
ISPY2-382853,1,384.0,72.0,8.0,0.0,2.0,6.0,2.5,0.8333333135,8.0,44.0,70.0,203.0,29.0,94.0,37.2517343379285,32.0,0.0,0.0,1.0,0.0,1.0,HER2pos,0.0,1.0,0.0,spy2,0,train
ISPY2-631337,0,384.0,176.0,7.0,0.0,2.0,5.0,1.1000000238,0.8333333135,16.0,145.0,111.0,235.0,44.0,176.0,324.9308248969472,28.0,0.0,1.0,0.0,1.0,0.0,HRposHER2neg,0.0,0.0,1.0,spy2,0,train
ACRIN-6698-516763,1,256.0,72.0,7.0,0.0,2.0,5.0,2.2,0.625,13.0,60.0,55.0,208.0,41.0,220.0,74.924609375,50.0,1.0,0.0,1.0,0.0,1.0,HER2pos,0.0,1.0,0.0,spy2,0,train
ISPY2-685182,1,256.0,64.0,9.0,0.0,2.0,6.0,2.5000000002,0.8413461447,11.0,31.0,60.0,117.0,115.0,159.0,13.81041367088714,37.0,0.0,1.0,0.0,1.0,1.0,HER2pos,0.0,1.0,0.0,spy2,0,train
ACRIN-6698-317641,1,256.0,80.0,8.0,0.0,2.0,6.0,2.0,0.625,34.0,53.0,100.0,160.0,74.0,121.0,3.09140625,28.0,0.0,1.0,0.0,0.0,0.0,TripleNeg,1.0,0.0,0.0,spy2,0,train
ACRIN-6698-587691,1,256.0,160.0,7.0,0.0,2.0,6.0,1.0,0.66666668653488,56.0,85.0,104.0,162.0,64.0,108.0,5.838667014678297,63.0,1.0,1.0,0.0,1.0,1.0,HER2pos,0.0,1.0,0.0,spy2,0,train
ISPY2-174904,0,256.0,160.0,7.0,0.0,2.0,5.0,1.0,0.78125,18.0,55.0,62.0,104.0,91.0,133.0,3.831787109375,48.0,0.0,1.0,0.0,1.0,0.0,HRposHER2neg,0.0,0.0,1.0,spy2,0,train
ISPY2-778020,0,256.0,160.0,6.0,0.0,2.0,5.0,1.0,0.5625,29.0,73.0,153.0,234.0,78.0,160.0,16.132921875,54.0,1.0,1.0,0.0,1.0,0.0,HRposHER2neg,0.0,0.0,1.0,spy2,0,train
ACRIN-6698-695521,0,256.0,72.0,7.0,0.0,2.0,6.0,2.2,0.7031,17.0,44.0,147.0,208.0,84.0,150.0,5.844596569108,57.0,0.0,1.0,0.0,1.0,0.0,HRposHER2neg,0.0,0.0,1.0,spy2,1,test
ISPY2-493472,0,256.0,124.0,7.0,0.0,2.0,5.0,1.2999999523,0.5859375,26.0,76.0,95.0,147.0,134.0,187.0,8.193980869998219,66.0,1.0,1.0,0.0,1.0,0.0,HRposHER2neg,0.0,0.0,1.0,spy2,0,train
ISPY2-885590,0,256.0,160.0,7.0,0.0,2.0,5.0,1.2999999523,1.40625,63.0,96.0,47.0,102.0,50.0,96.0,7.992619335638592,47.0,0.0,1.0,0.0,1.0,0.0,HRposHER2neg,0.0,0.0,1.0,spy2,0,train
ISPY2-443708,0,256.0,88.0,6.0,0.0,2.0,5.0,1.8,0.6641,21.0,71.0,85.0,219.0,58.0,213.0,62.75954633790601,55.0,,1.0,0.0,0.0,0.0,TripleNeg,1.0,0.0,0.0,spy2,0,train
ISPY2-622078,0,384.0,144.0,6.0,0.0,2.0,5.0,1.2000000477,0.9375,39.0,125.0,94.0,175.0,73.0,160.0,68.49140897253339,46.0,0.0,1.0,0.0,0.0,1.0,HER2pos,0.0,1.0,0.0,spy2,1,test
ISPY2-627118,0,256.0,80.0,8.0,0.0,2.0,5.0,2.0,0.625,14.0,74.0,2.0,220.0,55.0,207.0,80.60625,44.0,0.0,1.0,0.0,0.0,1.0,HER2pos,0.0,1.0,0.0,spy2,0,train
ISPY2-916645,1,256.0,80.0,8.0,0.0,2.0,5.0,2.0,0.6641,14.0,36.0,44.0,142.0,60.0,138.0,15.74561057462,50.0,0.0,1.0,0.0,1.0,0.0,HRposHER2neg,0.0,0.0,1.0,spy2,0,train
ACRIN-6698-899692,1,256.0,72.0,7.0,0.0,2.0,6.0,2.2,0.7031,18.0,45.0,108.0,174.0,143.0,199.0,10.513530895714,57.0,1.0,0.0,1.0,0.0,0.0,TripleNeg,1.0,0.0,0.0,spy2,0,train
ISPY2-427321,1,256.0,100.0,6.0,0.0,2.0,5.0,3.0,0.8008,11.0,45.0,60.0,207.0,94.0,205.0,216.19943112768,51.0,,0.0,1.0,1.0,0.0,HRposHER2neg,0.0,0.0,1.0,spy2,0,train
ISPY2-581648,0,256.0,64.0,7.0,0.0,2.0,6.0,2.5,0.8999999762,21.0,34.0,119.0,156.0,140.0,173.0,6.2349746702391045,42.0,0.0,1.0,0.0,0.0,0.0,TripleNeg,1.0,0.0,0.0,spy2,0,train
ACRIN-6698-172366,1,320.0,64.0,7.0,0.0,2.0,5.0,2.5,0.625,13.0,39.0,35.0,153.0,201.0,280.0,32.068359375,51.0,0.0,1.0,0.0,0.0,0.0,TripleNeg,1.0,0.0,0.0,spy2,0,train
ACRIN-6698-329076,0,256.0,80.0,8.0,0.0,2.0,6.0,2.0,0.6055,21.0,53.0,105.0,169.0,85.0,138.0,13.4413982255,43.0,0.0,1.0,0.0,1.0,0.0,HRposHER2neg,0.0,0.0,1.0,spy2,0,train
ISPY2-903880,0,256.0,64.0,8.0,0.0,2.0,5.0,2.5,0.5859,41.0,53.0,53.0,119.0,112.0,168.0,11.375401566375,53.0,0.0,1.0,0.0,1.0,1.0,HER2pos,0.0,1.0,0.0,spy2,0,train
ACRIN-6698-146987,0,256.0,80.0,8.0,0.0,2.0,6.0,2.0,0.6836,22.0,40.0,144.0,202.0,96.0,148.0,7.57414362368,53.0,1.0,0.0,0.0,1.0,0.0,HRposHER2neg,0.0,0.0,1.0,spy2,0,train
ISPY2-913225,1,256.0,80.0,8.0,0.0,2.0,5.0,2.0,0.5664,25.0,51.0,137.0,203.0,82.0,165.0,7.997767372800001,51.0,1.0,0.0,0.0,1.0,1.0,HER2pos,0.0,1.0,0.0,spy2,0,train
ISPY2-201873,1,256.0,134.0,6.0,0.0,2.0,5.0,1.2,0.7031,9.0,121.0,39.0,236.0,9.0,209.0,123.77169603460796,49.0,0.0,1.0,0.0,1.0,1.0,HER2pos,0.0,1.0,0.0,spy2,0,train
ISPY2-345574,1,256.0,80.0,8.0,0.0,2.0,5.0,2.0,0.6641,38.0,79.0,50.0,178.0,110.0,201.0,7.65449602636,39.0,0.0,0.0,0.0,0.0,0.0,TripleNeg,1.0,0.0,0.0,spy2,0,train
ISPY2-905264,0,256.0,64.0,7.0,0.0,2.0,6.0,2.5,0.8999999762,40.0,52.0,53.0,91.0,114.0,164.0,9.950849473710608,69.0,1.0,0.0,1.0,0.0,1.0,HER2pos,0.0,1.0,0.0,spy2,0,train
ISPY2-142688,0,256.0,88.0,8.0,0.0,2.0,6.0,1.8,0.5469,26.0,55.0,148.0,211.0,104.0,177.0,10.424099967876002,45.0,0.0,0.0,0.0,0.0,0.0,TripleNeg,1.0,0.0,0.0,spy2,0,train
ACRIN-6698-655128,0,256.0,80.0,8.0,0.0,2.0,6.0,2.0,0.6641,29.0,52.0,164.0,233.0,93.0,154.0,10.70200510346,49.0,0.0,0.0,0.0,1.0,0.0,HRposHER2neg,0.0,0.0,1.0,spy2,0,train
ISPY2-309830,0,256.0,160.0,7.0,0.0,2.0,5.0,1.0,0.859375,20.0,121.0,44.0,131.0,33.0,137.0,95.05781860351564,32.0,0.0,1.0,0.0,0.0,0.0,TripleNeg,1.0,0.0,0.0,spy2,0,train
ACRIN-6698-929980,1,256.0,72.0,7.0,0.0,2.0,5.0,2.2,0.625,22.0,35.0,144.0,174.0,124.0,157.0,1.393046875,55.0,1.0,1.0,0.0,0.0,1.0,HER2pos,0.0,1.0,0.0,spy2,0,train
ISPY2-712276,1,320.0,76.0,7.0,0.0,2.0,5.0,2.4,0.625,39.0,52.0,165.0,223.0,210.0,261.0,9.350625,56.0,1.0,1.0,0.0,1.0,0.0,HRposHER2neg,0.0,0.0,1.0,spy2,0,train
ISPY2-966016,1,256.0,66.0,7.0,0.0,2.0,6.0,2.4,0.625,16.0,36.0,146.0,219.0,119.0,176.0,8.304375,53.0,1.0,1.0,0.0,1.0,0.0,HRposHER2neg,0.0,0.0,1.0,spy2,0,train
ACRIN-6698-649198,0,256.0,124.0,7.0,0.0,2.0,5.0,1.2999999523,0.5859375,40.0,69.0,66.0,157.0,175.0,230.0,6.95901463723581,50.0,0.0,1.0,0.0,0.0,1.0,HER2pos,0.0,1.0,0.0,spy2,0,train
ISPY2-953262,0,256.0,160.0,7.0,0.0,2.0,5.0,1.1499999762,1.2890625,72.0,118.0,86.0,127.0,35.0,78.0,12.036975840364468,36.0,0.0,1.0,0.0,1.0,0.0,HRposHER2neg,0.0,0.0,1.0,spy2,0,train
ISPY2-974181,1,384.0,176.0,7.0,0.0,2.0,5.0,1.1000000238,0.8333333135,78.0,131.0,146.0,186.0,239.0,286.0,6.325763724649052,41.0,0.0,1.0,0.0,0.0,0.0,TripleNeg,1.0,0.0,0.0,spy2,0,train
ISPY2-357017,0,256.0,134.0,7.0,0.0,2.0,6.0,1.2,0.5652173758,20.0,129.0,14.0,175.0,15.0,226.0,261.6683402758516,45.0,0.0,1.0,0.0,1.0,0.0,HRposHER2neg,0.0,0.0,1.0,spy2,0,train
ISPY2-380239,0,256.0,80.0,8.0,0.0,2.0,5.0,2.0,0.5078,44.0,58.0,92.0,170.0,78.0,154.0,3.5213476310400007,55.0,1.0,1.0,0.0,0.0,0.0,TripleNeg,1.0,0.0,0.0,spy2,0,train
ISPY2-178815,0,256.0,80.0,8.0,0.0,2.0,5.0,2.0,0.5859,17.0,65.0,106.0,229.0,59.0,206.0,23.58119457414,39.0,0.0,1.0,0.0,1.0,0.0,HRposHER2neg,0.0,0.0,1.0,spy2,0,train
ACRIN-6698-299962,0,256.0,80.0,7.0,0.0,2.0,5.0,2.0,0.7031,6.0,78.0,49.0,234.0,22.0,231.0,233.61380649848,41.0,0.0,1.0,0.0,0.0,0.0,TripleNeg,1.0,0.0,0.0,spy2,0,train
ISPY2-575372,1,256.0,80.0,11.0,0.0,2.0,6.0,2.0,0.5859,53.0,67.0,31.0,81.0,156.0,197.0,2.6569779894,66.0,1.0,1.0,0.0,0.0,0.0,TripleNeg,1.0,0.0,0.0,spy2,1,test
ISPY2-350331,0,384.0,144.0,6.0,0.0,2.0,5.0,1.2000000477,0.9375,24.0,74.0,106.0,165.0,59.0,127.0,38.02043119881208,54.0,1.0,0.0,0.0,0.0,1.0,HER2pos,0.0,1.0,0.0,spy2,0,train
ACRIN-6698-417474,1,256.0,80.0,8.0,0.0,2.0,6.0,2.0,0.625,39.0,45.0,139.0,165.0,92.0,117.0,0.71015625,63.0,1.0,0.0,0.0,0.0,0.0,TripleNeg,1.0,0.0,0.0,spy2,0,train
ISPY2-527320,0,256.0,134.0,6.0,0.0,2.0,5.0,1.2,0.6641,12.0,119.0,46.0,222.0,34.0,199.0,99.72367040196,45.0,0.0,1.0,0.0,0.0,0.0,TripleNeg,1.0,0.0,0.0,spy2,0,train
ISPY2-851488,0,384.0,176.0,7.0,0.0,2.0,5.0,1.1000000238,0.9375,58.0,124.0,140.0,236.0,257.0,313.0,15.560596039799709,63.0,,1.0,0.0,1.0,0.0,HRposHER2neg,0.0,0.0,1.0,spy2,0,train
ISPY2-535779,0,256.0,66.0,7.0,0.0,2.0,6.0,2.4,0.6641,16.0,59.0,59.0,208.0,55.0,172.0,47.847039185376,39.0,0.0,1.0,0.0,0.0,0.0,TripleNeg,1.0,0.0,0.0,spy2,0,train
ISPY2-127791,0,256.0,160.0,7.0,0.0,2.0,5.0,1.0,0.6052631736,47.0,108.0,74.0,152.0,80.0,145.0,9.856838461665546,44.0,0.0,1.0,0.0,1.0,1.0,HER2pos,0.0,1.0,0.0,spy2,0,train
ACRIN-6698-263143,0,256.0,72.0,7.0,0.0,2.0,6.0,2.2,0.7031,7.0,59.0,13.0,188.0,71.0,215.0,92.380298059764,54.0,0.0,1.0,0.0,0.0,1.0,HER2pos,0.0,1.0,0.0,spy2,0,train
ISPY2-791944,0,384.0,160.0,6.0,0.0,2.0,5.0,1.0,0.88541668653488,96.0,128.0,120.0,171.0,84.0,131.0,2.664689247192186,65.0,1.0,1.0,0.0,1.0,1.0,HER2pos,0.0,1.0,0.0,spy2,0,train
ACRIN-6698-629606,0,384.0,160.0,7.0,0.0,2.0,5.0,1.0,0.83333331346512,59.0,105.0,118.0,191.0,71.0,124.0,15.474304817683231,42.0,0.0,1.0,0.0,0.0,0.0,TripleNeg,1.0,0.0,0.0,spy2,0,train
ACRIN-6698-209967,0,256.0,80.0,8.0,0.0,2.0,6.0,2.0,0.6055,33.0,54.0,73.0,143.0,105.0,175.0,9.771429423,45.0,0.0,1.0,0.0,1.0,0.0,HRposHER2neg,0.0,0.0,1.0,spy2,0,train
ISPY2-183831,1,256.0,132.0,6.0,0.0,2.0,5.0,1.2,0.6445,41.0,99.0,115.0,227.0,51.0,155.0,18.9572900016,49.0,0.0,0.0,0.0,1.0,0.0,HRposHER2neg,0.0,0.0,1.0,spy2,0,train
ACRIN-6698-343898,0,256.0,160.0,7.0,0.0,2.0,6.0,1.0,0.6640625,42.0,96.0,47.0,151.0,77.0,152.0,57.33564910888672,45.0,0.0,1.0,0.0,0.0,0.0,TripleNeg,1.0,0.0,0.0,spy2,0,train
ISPY2-353318,0,256.0,64.0,7.0,0.0,2.0,5.0,2.5,0.5859,26.0,43.0,123.0,193.0,89.0,157.0,18.252992524725,53.0,1.0,1.0,0.0,0.0,0.0,TripleNeg,1.0,0.0,0.0,spy2,0,train
ACRIN-6698-531988,1,256.0,72.0,7.0,0.0,2.0,6.0,2.2,0.7031,15.0,33.0,129.0,189.0,75.0,143.0,2.277369783348,36.0,0.0,1.0,0.0,0.0,0.0,TripleNeg,1.0,0.0,0.0,spy2,0,train
ACRIN-6698-963303,0,256.0,80.0,8.0,0.0,2.0,6.0,2.0,0.625,34.0,64.0,85.0,183.0,68.0,151.0,6.75703125,37.0,0.0,1.0,0.0,1.0,0.0,HRposHER2neg,0.0,0.0,1.0,spy2,0,train
ACRIN-6698-631299,0,256.0,72.0,7.0,0.0,2.0,6.0,2.2,0.7031,41.0,54.0,69.0,119.0,148.0,180.0,1.6900824466679998,53.0,1.0,1.0,0.0,0.0,0.0,TripleNeg,1.0,0.0,0.0,spy2,0,train
ISPY2-264678,0,256.0,134.0,6.0,0.0,2.0,5.0,1.2,0.7031,36.0,91.0,48.0,186.0,93.0,149.0,5.137874366651999,46.0,0.0,1.0,0.0,1.0,0.0,HRposHER2neg,0.0,0.0,1.0,spy2,0,train
ISPY2-987995,0,320.0,180.0,7.0,0.0,2.0,6.0,1.0,0.703125,81.0,122.0,54.0,107.0,126.0,190.0,3.9708984375,56.0,1.0,1.0,0.0,1.0,0.0,HRposHER2neg,0.0,0.0,1.0,spy2,0,train
ISPY2-235995,1,256.0,80.0,7.0,0.0,2.0,5.0,2.0,0.5859,18.0,32.0,167.0,217.0,100.0,147.0,8.27095964814,50.0,0.0,1.0,0.0,1.0,1.0,HER2pos,0.0,1.0,0.0,spy2,0,train
ISPY2-962472,0,256.0,64.0,7.0,0.0,2.0,6.0,2.5,0.8999999762,13.0,51.0,93.0,212.0,6.0,107.0,78.15487086647556,29.0,0.0,0.0,1.0,1.0,0.0,HRposHER2neg,0.0,0.0,1.0,spy2,0,train
ISPY2-624777,0,256.0,160.0,7.0,0.0,2.0,6.0,1.0,0.703125,64.0,97.0,46.0,99.0,96.0,149.0,4.14393310546875,52.0,0.0,1.0,0.0,1.0,1.0,HER2pos,0.0,1.0,0.0,spy2,0,train
ISPY2-515141,1,384.0,144.0,6.0,0.0,2.0,5.0,1.2000000477,0.91145833333333,24.0,61.0,121.0,169.0,55.0,98.0,6.713175722577841,43.0,0.0,1.0,0.0,0.0,0.0,TripleNeg,1.0,0.0,0.0,spy2,0,train
ISPY2-411684,0,256.0,134.0,6.0,0.0,2.0,5.0,1.2,0.6641,55.0,102.0,36.0,111.0,62.0,131.0,30.276451394976,39.0,0.0,1.0,0.0,0.0,0.0,TripleNeg,1.0,0.0,0.0,spy2,0,train
ISPY2-640043,0,256.0,240.0,7.0,0.0,2.0,6.0,0.800001,1.25,48.0,77.0,80.0,101.0,50.0,70.0,2.6562533203125,33.0,0.0,1.0,0.0,1.0,0.0,HRposHER2neg,0.0,0.0,1.0,spy2,0,train
ISPY2-111004,0,256.0,72.0,8.0,0.0,2.0,6.0,2.2,0.7031,31.0,71.0,59.0,201.0,48.0,184.0,50.931950489002,,0.0,,,1.0,0.0,HRposHER2neg,0.0,0.0,1.0,spy2,0,train
ISPY2-830958,0,256.0,72.0,7.0,0.0,2.0,6.0,2.2,0.7031,13.0,53.0,66.0,203.0,70.0,150.0,24.240828606038,55.0,1.0,0.0,1.0,1.0,0.0,HRposHER2neg,0.0,0.0,1.0,spy2,0,train
ISPY2-573586,0,256.0,140.0,6.0,0.0,2.0,5.0,1.1999985612,0.6640999913,7.0,128.0,27.0,183.0,33.0,217.0,105.4593854842098,57.0,1.0,1.0,0.0,1.0,1.0,HER2pos,0.0,1.0,0.0,spy2,0,train
ACRIN-6698-755914,1,256.0,160.0,7.0,0.0,2.0,6.0,1.0,0.6640625,64.0,95.0,45.0,92.0,120.0,161.0,5.666139221191406,47.0,0.0,1.0,0.0,0.0,0.0,TripleNeg,1.0,0.0,0.0,spy2,0,train
ISPY2-316996,0,256.0,80.0,8.0,0.0,2.0,6.0,2.0,0.5664,9.0,58.0,120.0,231.0,72.0,216.0,51.97361799168,51.0,0.0,1.0,0.0,0.0,1.0,HER2pos,0.0,1.0,0.0,spy2,0,train
ISPY2-363669,0,320.0,82.0,8.0,0.0,2.0,5.0,2.2,0.7031,34.0,62.0,159.0,247.0,96.0,208.0,10.629900793908,60.0,1.0,1.0,0.0,1.0,0.0,HRposHER2neg,0.0,0.0,1.0,spy2,0,train
ISPY2-190224,0,256.0,134.0,6.0,0.0,2.0,5.0,1.2,0.7031,83.0,123.0,26.0,112.0,101.0,167.0,19.999803301848,63.0,1.0,1.0,0.0,1.0,0.0,HRposHER2neg,0.0,0.0,1.0,spy2,0,train
ISPY2-461824,0,256.0,66.0,7.0,0.0,2.0,5.0,2.4,0.5859,28.0,44.0,22.0,124.0,105.0,159.0,8.243634654864,36.0,0.0,1.0,0.0,0.0,0.0,TripleNeg,1.0,0.0,0.0,spy2,0,train
ISPY2-345483,0,384.0,176.0,7.0,0.0,2.0,5.0,1.1000000238,0.9895833135,21.0,84.0,119.0,180.0,100.0,150.0,28.406911639582088,50.0,1.0,1.0,0.0,0.0,0.0,TripleNeg,1.0,0.0,0.0,spy2,0,train
ISPY2-479417,1,256.0,80.0,8.0,0.0,2.0,5.0,2.0,0.6641,29.0,60.0,31.0,193.0,66.0,148.0,24.991338547460003,49.0,1.0,1.0,0.0,0.0,0.0,TripleNeg,1.0,0.0,0.0,spy2,0,train
ISPY2-261304,0,256.0,80.0,8.0,0.0,2.0,6.0,2.0,0.5664,45.0,61.0,34.0,100.0,134.0,182.0,3.78297925632,49.0,0.0,1.0,0.0,1.0,0.0,HRposHER2neg,0.0,0.0,1.0,spy2,0,train
ISPY2-941926,0,256.0,80.0,7.0,0.0,2.0,6.0,2.0,0.5859,29.0,68.0,103.0,227.0,52.0,189.0,92.72715871482,51.0,1.0,1.0,0.0,1.0,0.0,HRposHER2neg,0.0,0.0,1.0,spy2,0,train
ISPY2-906042,0,256.0,160.0,8.0,0.0,2.0,5.0,1.0,0.5696202517,22.0,108.0,31.0,200.0,46.0,172.0,7.901426012886176,55.0,1.0,1.0,0.0,1.0,0.0,HRposHER2neg,0.0,0.0,1.0,spy2,1,test
ISPY2-988443,0,312.0,90.0,8.0,0.0,2.0,5.0,2.0,0.5859,21.0,66.0,54.0,272.0,154.0,266.0,60.11292553434,49.0,0.0,1.0,0.0,1.0,0.0,HRposHER2neg,0.0,0.0,1.0,spy2,0,train
ISPY2-180027,1,256.0,134.0,6.0,0.0,2.0,5.0,1.2,0.6641,21.0,51.0,111.0,172.0,45.0,115.0,8.307924311256,40.0,0.0,1.0,0.0,0.0,0.0,TripleNeg,1.0,0.0,0.0,spy2,0,train
ISPY2-845663,0,256.0,80.0,8.0,0.0,2.0,5.0,2.0,0.6055,44.0,71.0,115.0,174.0,118.0,196.0,4.792590628000001,32.0,0.0,0.0,0.0,1.0,0.0,HRposHER2neg,0.0,0.0,1.0,spy2,0,train
ISPY2-134526,1,256.0,134.0,6.0,0.0,2.0,5.0,1.2,0.6836,86.0,100.0,135.0,176.0,73.0,114.0,0.8490069185279999,36.0,0.0,1.0,0.0,0.0,0.0,TripleNeg,1.0,0.0,0.0,spy2,0,train
ISPY2-727804,1,256.0,72.0,7.0,0.0,2.0,6.0,2.5,0.879629612,29.0,49.0,79.0,160.0,64.0,120.0,29.57072390898812,43.0,1.0,0.0,1.0,0.0,0.0,TripleNeg,1.0,0.0,0.0,spy2,0,train
ISPY2-814299,1,256.0,80.0,9.0,0.0,2.0,5.0,2.0,0.6445,7.0,36.0,25.0,184.0,39.0,122.0,5.383328039999999,40.0,0.0,1.0,0.0,0.0,1.0,HER2pos,0.0,1.0,0.0,spy2,0,train
ACRIN-6698-654021,0,256.0,80.0,8.0,0.0,2.0,6.0,2.0,0.6055,41.0,50.0,158.0,186.0,149.0,166.0,0.520614955,46.0,0.0,0.0,0.0,1.0,0.0,HRposHER2neg,0.0,0.0,1.0,spy2,0,train
ACRIN-6698-820807,1,256.0,80.0,8.0,0.0,2.0,6.0,2.0,0.703125,21.0,63.0,35.0,121.0,58.0,143.0,60.9655517578125,50.0,0.0,0.0,1.0,1.0,0.0,HRposHER2neg,0.0,0.0,1.0,spy2,0,train
ISPY2-211408,1,256.0,134.0,6.0,0.0,2.0,5.0,1.2,0.6641,47.0,96.0,104.0,236.0,93.0,189.0,19.36204681662,58.0,1.0,1.0,0.0,0.0,1.0,HER2pos,0.0,1.0,0.0,spy2,0,train
ISPY2-286984,0,256.0,80.0,8.0,0.0,2.0,5.0,2.0,0.5078,11.0,32.0,66.0,167.0,65.0,162.0,17.991466528480004,50.0,0.0,1.0,0.0,1.0,0.0,HRposHER2neg,0.0,0.0,1.0,spy2,0,train
ISPY2-914968,0,256.0,160.0,7.0,0.0,2.0,5.0,1.0,0.6067961454,31.0,134.0,63.0,216.0,74.0,201.0,49.78011478905054,30.0,0.0,1.0,0.0,0.0,0.0,TripleNeg,1.0,0.0,0.0,spy2,0,train
ACRIN-6698-289420,0,256.0,80.0,8.0,0.0,2.0,6.0,2.0,0.5859,20.0,58.0,106.0,218.0,126.0,202.0,6.87724767954,64.0,1.0,0.0,0.0,1.0,0.0,HRposHER2neg,0.0,0.0,1.0,spy2,1,test
ISPY2-192548,0,256.0,80.0,7.0,0.0,2.0,5.0,2.0,0.6055,27.0,54.0,111.0,217.0,112.0,207.0,33.86490293200001,51.0,0.0,1.0,0.0,1.0,0.0,HRposHER2neg,0.0,0.0,1.0,spy2,0,train
ISPY2-255078,0,384.0,144.0,6.0,0.0,2.0,5.0,1.2000000477,1.1197916666667,23.0,68.0,104.0,191.0,57.0,124.0,41.38732667770071,57.0,1.0,1.0,0.0,0.0,0.0,TripleNeg,1.0,0.0,0.0,spy2,0,train
ISPY2-273745,0,256.0,200.0,7.0,0.0,2.0,5.0,0.800001,0.625,46.0,98.0,47.0,104.0,119.0,173.0,7.925947407421875,48.0,0.0,1.0,0.0,1.0,0.0,HRposHER2neg,0.0,0.0,1.0,spy2,0,train
ISPY2-374106,0,256.0,134.0,6.0,0.0,2.0,5.0,1.2,0.625,37.0,59.0,128.0,171.0,102.0,134.0,1.48453125,36.0,0.0,1.0,0.0,0.0,0.0,TripleNeg,1.0,0.0,0.0,spy2,0,train
ISPY2-890414,1,256.0,134.0,6.0,0.0,2.0,5.0,1.2,0.7031,50.0,81.0,148.0,228.0,88.0,157.0,2.8984706333519994,55.0,1.0,0.0,0.0,0.0,0.0,TripleNeg,1.0,0.0,0.0,spy2,0,train
ISPY2-604326,0,256.0,72.0,8.0,0.0,2.0,5.0,2.2,0.7031,16.0,33.0,63.0,164.0,73.0,140.0,7.92837904518,60.0,1.0,1.0,0.0,1.0,1.0,HER2pos,0.0,1.0,0.0,spy2,0,train
ISPY2-563856,1,256.0,80.0,7.0,0.0,2.0,5.0,2.0,0.5859,27.0,43.0,79.0,132.0,97.0,156.0,21.1150796031,40.0,0.0,0.0,1.0,0.0,0.0,TripleNeg,1.0,0.0,0.0,spy2,0,train
ACRIN-6698-688291,0,256.0,72.0,7.0,0.0,2.0,6.0,2.2,0.7031,5.0,38.0,81.0,158.0,72.0,138.0,16.79206755248,56.0,0.0,1.0,0.0,1.0,0.0,HRposHER2neg,0.0,0.0,1.0,spy2,0,train
ACRIN-6698-530095,0,256.0,80.0,8.0,0.0,2.0,6.0,2.0,0.703125,37.0,53.0,153.0,208.0,132.0,167.0,6.3894287109375,45.0,0.0,0.0,1.0,1.0,0.0,HRposHER2neg,0.0,0.0,1.0,spy2,0,train
ISPY2-705381,1,256.0,134.0,6.0,0.0,2.0,5.0,1.2,0.7031,43.0,96.0,103.0,229.0,68.0,171.0,21.793105947084,46.0,0.0,1.0,0.0,1.0,1.0,HER2pos,0.0,1.0,0.0,spy2,0,train
ISPY2-636424,0,256.0,80.0,8.0,0.0,2.0,6.0,2.0,0.6445,30.0,47.0,113.0,176.0,34.0,95.0,12.92663338,33.0,0.0,0.0,0.0,0.0,0.0,TripleNeg,1.0,0.0,0.0,spy2,0,train
ACRIN-6698-222135,0,256.0,134.0,7.0,0.0,2.0,6.0,1.2,0.5652173758,73.0,108.0,86.0,170.0,144.0,215.0,9.468344282064333,53.0,1.0,0.0,1.0,1.0,0.0,HRposHER2neg,0.0,0.0,1.0,spy2,0,train
ISPY2-349639,1,384.0,200.0,8.0,0.0,2.0,6.0,1.0,0.9375,61.0,128.0,141.0,224.0,30.0,101.0,19.937109375,43.0,1.0,0.0,1.0,1.0,1.0,HER2pos,0.0,1.0,0.0,spy2,0,train
ISPY2-703455,0,256.0,80.0,7.0,0.0,2.0,5.0,2.0,0.625,23.0,58.0,0.0,154.0,121.0,222.0,63.78828125,44.0,0.0,0.0,1.0,0.0,0.0,TripleNeg,1.0,0.0,0.0,spy2,0,train
ISPY2-386664,0,312.0,66.0,6.0,0.0,2.0,5.0,2.4,0.5859,19.0,52.0,55.0,221.0,162.0,247.0,19.549590917976,63.0,1.0,1.0,0.0,1.0,0.0,HRposHER2neg,0.0,0.0,1.0,spy2,0,train
ISPY2-651541,1,384.0,160.0,7.0,0.0,2.0,5.0,1.0,0.78125,16.0,36.0,170.0,211.0,32.0,77.0,4.3572998046875,65.0,1.0,1.0,0.0,0.0,0.0,TripleNeg,1.0,0.0,0.0,spy2,0,train
ISPY2-426106,0,256.0,132.0,6.0,0.0,2.0,5.0,1.2,0.8398,14.0,107.0,58.0,232.0,78.0,238.0,80.33408784585599,56.0,1.0,1.0,0.0,1.0,0.0,HRposHER2neg,0.0,0.0,1.0,spy2,0,train
ISPY2-981461,0,256.0,160.0,7.0,0.0,2.0,6.0,1.0,0.6793478131,72.0,101.0,79.0,125.0,100.0,148.0,5.109876931285069,44.0,0.0,0.0,1.0,1.0,1.0,HER2pos,0.0,1.0,0.0,spy2,0,train
ISPY2-446263,1,256.0,72.0,7.0,0.0,2.0,5.0,2.2,0.7031,20.0,51.0,90.0,174.0,90.0,177.0,25.172875360732,53.0,0.0,1.0,0.0,1.0,0.0,HRposHER2neg,0.0,0.0,1.0,spy2,0,train
ISPY2-122795,0,256.0,80.0,8.0,0.0,2.0,6.0,2.0,0.5664,20.0,47.0,78.0,156.0,131.0,174.0,4.33669552128,45.0,0.0,1.0,0.0,0.0,0.0,TripleNeg,1.0,0.0,0.0,spy2,0,train
ACRIN-6698-396723,0,256.0,80.0,8.0,0.0,2.0,6.0,2.0,0.703125,21.0,52.0,82.0,190.0,128.0,201.0,15.91029052734375,72.0,1.0,1.0,0.0,1.0,1.0,HER2pos,0.0,1.0,0.0,spy2,0,train
ISPY2-313672,0,256.0,66.0,7.0,0.0,2.0,6.0,2.4,0.6445,17.0,32.0,83.0,137.0,72.0,122.0,5.5587846576,73.0,,1.0,0.0,1.0,0.0,HRposHER2neg,0.0,0.0,1.0,spy2,0,train
ISPY2-500826,0,256.0,72.0,7.0,0.0,2.0,6.0,2.2,0.7031,15.0,34.0,77.0,176.0,141.0,201.0,8.875651767862001,69.0,1.0,1.0,0.0,1.0,0.0,HRposHER2neg,0.0,0.0,1.0,spy2,0,train
ISPY2-729270,1,384.0,160.0,6.0,0.0,2.0,5.0,1.0,0.859375,29.0,80.0,91.0,177.0,38.0,111.0,15.105059814453124,50.0,0.0,1.0,0.0,0.0,1.0,HER2pos,0.0,1.0,0.0,spy2,0,train
ISPY2-666147,0,320.0,150.0,6.0,0.0,2.0,5.0,1.2,0.6641,17.0,73.0,126.0,267.0,179.0,244.0,7.78504055412,27.0,0.0,1.0,0.0,1.0,0.0,HRposHER2neg,0.0,0.0,1.0,spy2,0,train
ACRIN-6698-179369,0,256.0,80.0,8.0,0.0,2.0,6.0,2.0,0.6641,14.0,66.0,113.0,222.0,40.0,188.0,62.27944237534,36.0,0.0,1.0,0.0,1.0,0.0,HRposHER2neg,0.0,0.0,1.0,spy2,1,test
ISPY2-982505,0,384.0,144.0,6.0,0.0,2.0,5.0,1.2000000477,0.83333333333333,45.0,96.0,143.0,218.0,286.0,357.0,16.252500646036747,51.0,0.0,1.0,0.0,1.0,1.0,HER2pos,0.0,1.0,0.0,spy2,0,train
ACRIN-6698-375954,0,256.0,160.0,7.0,0.0,2.0,6.0,1.0,0.64453125,28.0,118.0,45.0,212.0,54.0,149.0,14.577106475830078,36.0,0.0,1.0,0.0,0.0,1.0,HER2pos,0.0,1.0,0.0,spy2,0,train
ISPY2-194024,1,256.0,80.0,8.0,0.0,2.0,6.0,2.0,0.5664,34.0,56.0,76.0,137.0,129.0,193.0,11.783313100800004,41.0,0.0,1.0,0.0,1.0,0.0,HRposHER2neg,0.0,0.0,1.0,spy2,0,train
ACRIN-6698-320538,0,256.0,72.0,7.0,0.0,2.0,6.0,2.2,0.7031,9.0,38.0,99.0,220.0,53.0,177.0,18.82582184802,57.0,1.0,1.0,0.0,0.0,0.0,TripleNeg,1.0,0.0,0.0,spy2,0,train
ISPY2-637051,0,256.0,64.0,8.0,0.0,2.0,5.0,2.5000000002,0.961538434,34.0,50.0,140.0,183.0,99.0,160.0,15.065642629369467,52.0,1.0,1.0,0.0,0.0,0.0,TripleNeg,1.0,0.0,0.0,spy2,0,train
ISPY2-697098,1,256.0,80.0,8.0,0.0,2.0,6.0,2.0,0.6641,28.0,75.0,20.0,233.0,38.0,134.0,93.35786055842,37.0,0.0,1.0,0.0,0.0,0.0,TripleNeg,1.0,0.0,0.0,spy2,0,train
ISPY2-832056,0,256.0,248.0,7.0,0.0,2.0,6.0,0.800001,1.3281,57.0,177.0,67.0,152.0,29.0,100.0,119.1291404909515,41.0,0.0,1.0,0.0,0.0,0.0,TripleNeg,1.0,0.0,0.0,spy2,0,train
ACRIN-6698-942017,0,256.0,80.0,7.0,0.0,2.0,5.0,2.0,0.5859,13.0,62.0,34.0,169.0,62.0,168.0,58.0518795591,44.0,0.0,0.0,1.0,1.0,0.0,HRposHER2neg,0.0,0.0,1.0,spy2,0,train
ISPY2-266509,1,256.0,72.0,8.0,0.0,2.0,5.0,2.2,0.7813,48.0,63.0,125.0,190.0,92.0,148.0,6.256782236562,59.0,1.0,1.0,0.0,0.0,0.0,TripleNeg,1.0,0.0,0.0,spy2,0,train
ISPY2-307659,0,256.0,160.0,7.0,0.0,2.0,6.0,1.0,0.5625,76.0,112.0,105.0,187.0,86.0,162.0,5.49755859375,56.0,1.0,1.0,0.0,1.0,1.0,HER2pos,0.0,1.0,0.0,spy2,0,train
ISPY2-677915,0,256.0,70.0,8.0,0.0,2.0,5.0,2.3,0.6641,26.0,60.0,41.0,143.0,105.0,184.0,30.165223929094,43.0,0.0,1.0,0.0,1.0,0.0,HRposHER2neg,0.0,0.0,1.0,spy2,0,train
ISPY2-100899,0,256.0,80.0,8.0,0.0,2.0,5.0,2.0,0.6641,27.0,60.0,109.0,209.0,91.0,175.0,3.21333590966,53.0,1.0,1.0,0.0,0.0,0.0,TripleNeg,1.0,0.0,0.0,spy2,0,train
ISPY2-803677,0,320.0,76.0,7.0,0.0,2.0,6.0,2.4,0.625,17.0,49.0,83.0,264.0,164.0,259.0,24.0075,53.0,1.0,1.0,0.0,0.0,0.0,TripleNeg,1.0,0.0,0.0,spy2,0,train
ISPY2-233832,0,256.0,80.0,8.0,0.0,2.0,6.0,2.0,0.703125,11.0,32.0,89.0,193.0,91.0,170.0,20.15408935546875,42.0,0.0,0.0,1.0,0.0,0.0,TripleNeg,1.0,0.0,0.0,spy2,0,train
ISPY2-733276,0,256.0,72.0,7.0,0.0,2.0,6.0,2.2,0.7422,34.0,52.0,85.0,150.0,39.0,99.0,12.913940844288,54.0,1.0,0.0,1.0,0.0,0.0,TripleNeg,1.0,0.0,0.0,spy2,0,train
ISPY2-994987,0,256.0,72.0,7.0,0.0,2.0,6.0,2.2,0.7031,29.0,51.0,111.0,196.0,66.0,127.0,20.476751805576,62.0,1.0,0.0,1.0,1.0,0.0,HRposHER2neg,0.0,0.0,1.0,spy2,0,train
ISPY2-360937,0,256.0,80.0,8.0,0.0,2.0,6.0,2.0,0.5859,7.0,68.0,61.0,209.0,74.0,190.0,16.14165620382,50.0,0.0,1.0,0.0,1.0,0.0,HRposHER2neg,0.0,0.0,1.0,spy2,0,train
ISPY2-357034,0,256.0,64.0,7.0,0.0,2.0,5.0,2.5,0.6641,18.0,34.0,63.0,139.0,70.0,122.0,8.02010890985,63.0,1.0,1.0,0.0,1.0,0.0,HRposHER2neg,0.0,0.0,1.0,spy2,0,train
ISPY2-485637,0,256.0,248.0,7.0,0.0,2.0,6.0,0.800001,1.3281,113.0,180.0,63.0,124.0,188.0,236.0,17.63428490376458,54.0,0.0,1.0,0.0,0.0,0.0,TripleNeg,1.0,0.0,0.0,spy2,0,train
ISPY2-590220,1,256.0,160.0,7.0,0.0,2.0,5.0,1.2000000477,1.40625,10.0,55.0,63.0,114.0,38.0,79.0,27.942628063844417,41.0,0.0,1.0,0.0,0.0,0.0,TripleNeg,1.0,0.0,0.0,spy2,0,train
ISPY2-405717,0,256.0,134.0,5.0,0.0,2.0,4.0,1.2,0.6836,55.0,87.0,46.0,113.0,109.0,164.0,20.774313278592,44.0,0.0,0.0,0.0,0.0,0.0,TripleNeg,1.0,0.0,0.0,spy2,0,train
ISPY2-640463,1,256.0,160.0,7.0,0.0,2.0,5.0,1.25,1.328125,40.0,95.0,77.0,131.0,24.0,69.0,40.63180541992188,31.0,0.0,1.0,0.0,1.0,0.0,HRposHER2neg,0.0,0.0,1.0,spy2,0,train
ISPY2-650589,0,384.0,160.0,7.0,0.0,2.0,5.0,1.0,0.78125,8.0,91.0,46.0,177.0,26.0,159.0,11.1358642578125,52.0,1.0,1.0,0.0,0.0,0.0,TripleNeg,1.0,0.0,0.0,spy2,0,train
ISPY2-291515,0,256.0,80.0,8.0,0.0,2.0,6.0,2.0,0.625,26.0,62.0,78.0,179.0,105.0,194.0,19.45390625,44.0,0.0,1.0,0.0,0.0,0.0,TripleNeg,1.0,0.0,0.0,spy2,0,train
ISPY2-955953,1,384.0,144.0,6.0,0.0,2.0,5.0,1.2000000477,1.09375,26.0,83.0,178.0,260.0,285.0,342.0,23.15106537337981,36.0,0.0,1.0,0.0,0.0,1.0,HER2pos,0.0,1.0,0.0,spy2,0,train
ACRIN-6698-799149,1,256.0,80.0,8.0,0.0,2.0,6.0,2.0,0.6055,20.0,69.0,44.0,159.0,129.0,210.0,16.361974797000002,35.0,0.0,1.0,0.0,1.0,1.0,HER2pos,0.0,1.0,0.0,spy2,0,train
ISPY2-182346,0,384.0,144.0,6.0,0.0,2.0,5.0,1.2000000477,0.80729166666667,44.0,116.0,93.0,165.0,230.0,348.0,38.78254548691893,58.0,1.0,1.0,0.0,1.0,0.0,HRposHER2neg,0.0,0.0,1.0,spy2,0,train
ISPY2-340186,0,256.0,134.0,6.0,0.0,2.0,5.0,1.2000007407,0.6640999913,51.0,84.0,45.0,137.0,60.0,154.0,5.104999698815747,54.0,1.0,1.0,0.0,0.0,0.0,TripleNeg,1.0,0.0,0.0,spy2,0,train
ISPY2-324021,0,256.0,64.0,7.0,0.0,2.0,6.0,2.5,0.6071428657,25.0,37.0,37.0,142.0,107.0,207.0,23.10709886563404,44.0,,0.0,1.0,1.0,1.0,HER2pos,0.0,1.0,0.0,spy2,0,train
ACRIN-6698-943633,0,256.0,72.0,7.0,0.0,2.0,5.0,2.2,0.7031,49.0,66.0,81.0,141.0,115.0,180.0,7.00938312019,50.0,0.0,1.0,0.0,0.0,0.0,TripleNeg,1.0,0.0,0.0,spy2,0,train
ACRIN-6698-429220,0,256.0,100.0,8.0,0.0,2.0,6.0,2.0,0.7031,67.0,92.0,42.0,110.0,102.0,169.0,18.179212558139994,52.0,1.0,1.0,0.0,0.0,0.0,TripleNeg,1.0,0.0,0.0,spy2,0,train
ISPY2-640927,0,256.0,160.0,7.0,0.0,2.0,5.0,1.0,0.5625,43.0,94.0,71.0,220.0,50.0,139.0,16.30093359375,62.0,1.0,1.0,0.0,0.0,0.0,TripleNeg,1.0,0.0,0.0,spy2,0,train
ACRIN-6698-901705,0,256.0,134.0,6.0,0.0,2.0,5.0,1.2,0.7227,41.0,99.0,105.0,230.0,83.0,165.0,20.104399220796,42.0,0.0,0.0,0.0,1.0,0.0,HRposHER2neg,0.0,0.0,1.0,spy2,0,train
ACRIN-6698-712785,0,256.0,64.0,7.0,0.0,2.0,5.0,2.5,0.7031,22.0,39.0,34.0,122.0,68.0,115.0,12.406939336975,50.0,0.0,1.0,0.0,0.0,0.0,TripleNeg,1.0,0.0,0.0,spy2,1,test
ISPY2-109980,1,256.0,80.0,8.0,0.0,2.0,6.0,2.0,0.7813,17.0,66.0,96.0,228.0,41.0,182.0,28.471661600980003,53.0,1.0,1.0,0.0,1.0,1.0,HER2pos,0.0,1.0,0.0,spy2,0,train
ISPY2-489504,1,256.0,80.0,8.0,0.0,2.0,6.0,2.0,0.625,17.0,72.0,51.0,207.0,54.0,182.0,31.7671875,47.0,0.0,1.0,0.0,0.0,0.0,TripleNeg,1.0,0.0,0.0,spy2,0,train
ISPY2-845079,1,256.0,66.0,7.0,0.0,2.0,6.0,2.4,0.5859,48.0,60.0,43.0,93.0,135.0,172.0,2.469959693712,43.0,0.0,1.0,0.0,1.0,1.0,HER2pos,0.0,1.0,0.0,spy2,0,train
ISPY2-234272,0,256.0,80.0,8.0,0.0,2.0,6.0,2.0,0.6836,33.0,63.0,70.0,210.0,102.0,208.0,27.2300930992,41.0,0.0,1.0,0.0,1.0,1.0,HER2pos,0.0,1.0,0.0,spy2,0,train
ISPY2-706418,1,256.0,64.0,7.0,0.0,2.0,5.0,2.5,0.6641,18.0,44.0,107.0,202.0,125.0,190.0,28.019662871325,59.0,1.0,1.0,0.0,0.0,1.0,HER2pos,0.0,1.0,0.0,spy2,0,train
ISPY2-259206,0,256.0,56.0,7.0,0.0,2.0,6.0,2.4,0.7031,16.0,50.0,37.0,166.0,112.0,235.0,36.929102306064,64.0,1.0,1.0,0.0,0.0,0.0,TripleNeg,1.0,0.0,0.0,spy2,0,train
ISPY2-149654,0,256.0,80.0,8.0,0.0,2.0,6.0,2.0,0.5664,10.0,49.0,72.0,201.0,118.0,209.0,29.40149956608,,0.0,,,1.0,0.0,HRposHER2neg,0.0,0.0,1.0,spy2,0,train
ISPY2-663197,0,256.0,64.0,7.0,0.0,2.0,6.0,2.5,0.625,11.0,35.0,62.0,182.0,63.0,162.0,16.169921875,43.0,0.0,1.0,0.0,0.0,0.0,TripleNeg,1.0,0.0,0.0,spy2,0,train
ISPY2-857165,0,256.0,66.0,7.0,0.0,2.0,6.0,2.4,0.6055,13.0,52.0,31.0,194.0,30.0,145.0,53.2883869686,47.0,0.0,1.0,0.0,1.0,0.0,HRposHER2neg,0.0,0.0,1.0,spy2,0,train
ISPY2-330134,0,320.0,76.0,7.0,0.0,2.0,5.0,2.4,0.7031,31.0,45.0,181.0,250.0,65.0,115.0,5.069654120471999,60.0,1.0,1.0,0.0,1.0,0.0,HRposHER2neg,0.0,0.0,1.0,spy2,0,train
ACRIN-6698-771151,1,256.0,80.0,8.0,0.0,2.0,6.0,2.0,0.703125,22.0,51.0,70.0,179.0,87.0,150.0,19.91876220703125,45.0,0.0,1.0,0.0,0.0,0.0,TripleNeg,1.0,0.0,0.0,spy2,0,train
ISPY2-646600,0,256.0,64.0,7.0,0.0,2.0,6.0,2.5,0.89999997615814,28.0,45.0,29.0,117.0,95.0,176.0,51.65369726328829,35.0,,1.0,0.0,1.0,0.0,HRposHER2neg,0.0,0.0,1.0,spy2,0,train
ACRIN-6698-629371,1,256.0,80.0,8.0,0.0,2.0,6.0,2.0,0.703125,39.0,66.0,32.0,140.0,109.0,183.0,18.95372314453125,58.0,1.0,1.0,0.0,0.0,1.0,HER2pos,0.0,1.0,0.0,spy2,0,train
ACRIN-6698-169918,0,256.0,160.0,7.0,0.0,2.0,6.0,1.0,0.64453125,17.0,68.0,70.0,159.0,62.0,190.0,18.74128189086914,50.0,0.0,1.0,0.0,1.0,0.0,HRposHER2neg,0.0,0.0,1.0,spy2,0,train
ISPY2-507198,0,312.0,90.0,9.0,0.0,2.0,5.0,2.0,0.6445,55.0,82.0,111.0,213.0,88.0,159.0,7.807487178999999,44.0,0.0,1.0,0.0,0.0,0.0,TripleNeg,1.0,0.0,0.0,spy2,0,train
ISPY2-800710,0,256.0,80.0,8.0,0.0,2.0,6.0,2.0,0.6445,13.0,41.0,79.0,182.0,86.0,206.0,14.500093767,29.0,0.0,1.0,0.0,0.0,0.0,TripleNeg,1.0,0.0,0.0,spy2,0,train
ISPY2-570966,0,320.0,136.0,6.0,0.0,2.0,5.0,1.2,0.625,34.0,111.0,134.0,240.0,178.0,271.0,22.63921875,51.0,1.0,1.0,0.0,1.0,1.0,HER2pos,0.0,1.0,0.0,spy2,1,test
ISPY2-745633,0,320.0,72.0,7.0,0.0,2.0,6.0,2.5,0.8999999762,36.0,59.0,52.0,115.0,166.0,217.0,7.506674602980306,56.0,1.0,1.0,0.0,1.0,0.0,HRposHER2neg,0.0,0.0,1.0,spy2,0,train
ISPY2-255535,0,256.0,66.0,6.0,0.0,2.0,5.0,2.4,0.6641,13.0,59.0,74.0,233.0,57.0,196.0,49.15530704736,44.0,0.0,0.0,1.0,1.0,1.0,HER2pos,0.0,1.0,0.0,spy2,0,train
ISPY2-725455,0,256.0,160.0,7.0,0.0,2.0,5.0,1.5,1.171875,91.0,132.0,85.0,132.0,43.0,84.0,21.65199279785156,49.0,0.0,1.0,0.0,0.0,1.0,HER2pos,0.0,1.0,0.0,spy2,0,train
ACRIN-6698-698094,0,256.0,80.0,8.0,0.0,2.0,6.0,2.0,0.7031,10.0,76.0,44.0,202.0,65.0,201.0,8.637276385919998,53.0,0.0,1.0,0.0,1.0,0.0,HRposHER2neg,0.0,0.0,1.0,spy2,0,train
ACRIN-6698-734997,0,256.0,134.0,6.0,0.0,2.0,5.0,1.2,0.6641,26.0,92.0,82.0,146.0,86.0,207.0,26.259560993496,38.0,,1.0,0.0,1.0,0.0,HRposHER2neg,0.0,0.0,1.0,spy2,1,test
ACRIN-6698-792181,1,256.0,80.0,8.0,0.0,2.0,6.0,2.0,0.6641,61.0,77.0,66.0,111.0,96.0,135.0,3.93044875472,60.0,1.0,1.0,0.0,0.0,0.0,TripleNeg,1.0,0.0,0.0,spy2,0,train
ISPY2-934459,0,128.0,160.0,7.0,0.0,2.0,5.0,1.0,1.3671875,9.0,65.0,23.0,88.0,31.0,90.0,25.35198211669922,70.0,1.0,1.0,0.0,0.0,0.0,TripleNeg,1.0,0.0,0.0,spy2,0,train
ACRIN-6698-467686,1,256.0,80.0,8.0,0.0,2.0,6.0,2.0,0.625,51.0,71.0,105.0,164.0,130.0,177.0,4.015625,37.0,0.0,1.0,0.0,1.0,0.0,HRposHER2neg,0.0,0.0,1.0,spy2,1,test
ISPY2-644186,0,256.0,72.0,7.0,0.0,2.0,6.0,2.2,0.7031,15.0,49.0,73.0,168.0,62.0,139.0,13.439091887694,46.0,0.0,0.0,0.0,1.0,0.0,HRposHER2neg,0.0,0.0,1.0,spy2,1,test
ISPY2-456432,0,256.0,160.0,7.0,0.0,2.0,5.0,1.0,0.625,45.0,87.0,49.0,104.0,99.0,160.0,6.659375,45.0,0.0,0.0,0.0,0.0,0.0,TripleNeg,1.0,0.0,0.0,spy2,0,train
ISPY2-478484,0,256.0,80.0,8.0,0.0,2.0,5.0,2.0,0.5664,19.0,35.0,91.0,164.0,150.0,208.0,6.65101135872,64.0,1.0,0.0,0.0,0.0,0.0,TripleNeg,1.0,0.0,0.0,spy2,1,test
ISPY2-166782,0,256.0,64.0,7.0,0.0,2.0,6.0,2.5,0.89999997615814,24.0,51.0,34.0,141.0,37.0,94.0,15.523649177527366,52.0,1.0,0.0,1.0,1.0,1.0,HER2pos,0.0,1.0,0.0,spy2,0,train
ACRIN-6698-287961,1,256.0,134.0,6.0,0.0,2.0,5.0,1.2,0.625,62.0,123.0,97.0,235.0,72.0,157.0,9.66234375,53.0,1.0,1.0,0.0,1.0,1.0,HER2pos,0.0,1.0,0.0,spy2,0,train
ISPY2-202539,1,256.0,134.0,6.0,0.0,2.0,5.0,1.2,0.625,49.0,116.0,77.0,202.0,82.0,211.0,78.42046875,57.0,1.0,1.0,0.0,1.0,0.0,HRposHER2neg,0.0,0.0,1.0,spy2,0,train
ISPY2-520986,1,320.0,150.0,6.0,0.0,2.0,5.0,1.2,0.7813,49.0,82.0,207.0,267.0,174.0,235.0,10.310889979728,53.0,1.0,0.0,0.0,1.0,0.0,HRposHER2neg,0.0,0.0,1.0,spy2,0,train
ISPY2-252748,1,384.0,160.0,7.0,0.0,2.0,5.0,1.0,0.8854166865,37.0,84.0,174.0,254.0,250.0,323.0,44.19981751834621,41.0,0.0,1.0,0.0,0.0,0.0,TripleNeg,1.0,0.0,0.0,spy2,0,train
ISPY2-306127,0,256.0,160.0,6.0,0.0,2.0,5.0,1.0000000019,0.8072916865,23.0,78.0,47.0,120.0,34.0,108.0,20.69731957843309,55.0,1.0,0.0,1.0,1.0,0.0,HRposHER2neg,0.0,0.0,1.0,spy2,0,train
ISPY2-129973,1,256.0,64.0,8.0,0.0,2.0,6.0,2.5,0.83333331346512,11.0,45.0,25.0,129.0,125.0,180.0,15.57986036820551,35.0,0.0,1.0,0.0,0.0,0.0,TripleNeg,1.0,0.0,0.0,spy2,0,train
ISPY2-454808,0,320.0,76.0,7.0,0.0,2.0,5.0,2.4,0.5469,38.0,51.0,202.0,243.0,220.0,274.0,3.1103966643120007,56.0,1.0,0.0,1.0,0.0,0.0,TripleNeg,1.0,0.0,0.0,spy2,0,train
ISPY2-727255,0,256.0,80.0,8.0,0.0,2.0,5.0,2.0,0.5859,14.0,64.0,40.0,162.0,64.0,206.0,57.09001233348,53.0,1.0,1.0,0.0,0.0,1.0,HER2pos,0.0,1.0,0.0,spy2,0,train
ACRIN-6698-597907,0,256.0,64.0,7.0,0.0,2.0,6.0,2.5,0.89999997615814,13.0,30.0,47.0,126.0,115.0,162.0,7.99267457653281,52.0,0.0,0.0,1.0,1.0,0.0,HRposHER2neg,0.0,0.0,1.0,spy2,1,test
ISPY2-962664,1,256.0,64.0,7.0,0.0,2.0,6.0,2.5,0.625,28.0,63.0,94.0,202.0,145.0,224.0,29.2607421875,30.0,0.0,1.0,0.0,0.0,0.0,TripleNeg,1.0,0.0,0.0,spy2,0,train
ISPY2-228340,0,256.0,80.0,8.0,0.0,2.0,6.0,2.0,0.6055,4.0,72.0,86.0,231.0,77.0,195.0,77.40664468250002,66.0,1.0,1.0,0.0,0.0,1.0,HER2pos,0.0,1.0,0.0,spy2,0,train
ISPY2-341238,0,256.0,80.0,9.0,0.0,2.0,6.0,2.0,0.703125,44.0,59.0,74.0,115.0,97.0,140.0,3.4587158203125,27.0,0.0,1.0,0.0,1.0,0.0,HRposHER2neg,0.0,0.0,1.0,spy2,1,test
ISPY2-759015,0,256.0,80.0,8.0,0.0,2.0,6.0,2.0,0.5469,13.0,28.0,61.0,151.0,91.0,142.0,4.7413270177200015,36.0,0.0,1.0,0.0,1.0,0.0,HRposHER2neg,0.0,0.0,1.0,spy2,0,train
ISPY2-655795,1,256.0,248.0,7.0,0.0,2.0,6.0,0.899998,1.25,129.0,167.0,52.0,87.0,48.0,75.0,8.849511584375,57.0,1.0,1.0,0.0,1.0,0.0,HRposHER2neg,0.0,0.0,1.0,spy2,0,train
ISPY2-790397,1,256.0,160.0,7.0,0.0,2.0,5.0,1.0000000074,0.6067961454,41.0,78.0,73.0,207.0,58.0,167.0,9.53752513293642,33.0,0.0,1.0,0.0,1.0,1.0,HER2pos,0.0,1.0,0.0,spy2,0,train
ISPY2-572731,1,256.0,80.0,8.0,0.0,2.0,6.0,2.0,0.703125,43.0,71.0,79.0,128.0,114.0,195.0,21.95364990234375,34.0,0.0,1.0,0.0,1.0,0.0,HRposHER2neg,0.0,0.0,1.0,spy2,0,train
ISPY2-644609,1,256.0,66.0,7.0,0.0,2.0,6.0,2.4,0.625,30.0,48.0,86.0,201.0,82.0,184.0,23.14125,67.0,1.0,1.0,0.0,0.0,1.0,HER2pos,0.0,1.0,0.0,spy2,0,train
ISPY2-459311,0,256.0,72.0,7.0,0.0,2.0,6.0,2.2,0.7031,17.0,36.0,29.0,90.0,47.0,101.0,10.215536950806,54.0,1.0,1.0,0.0,1.0,0.0,HRposHER2neg,0.0,0.0,1.0,spy2,1,test
ACRIN-6698-987728,1,256.0,80.0,8.0,0.0,2.0,6.0,2.0,0.6445,12.0,32.0,88.0,151.0,94.0,154.0,12.134918623499996,56.0,0.0,0.0,0.0,0.0,0.0,TripleNeg,1.0,0.0,0.0,spy2,1,test
ISPY2-572235,0,256.0,80.0,8.0,0.0,2.0,5.0,2.0,0.6445,16.0,67.0,50.0,228.0,71.0,210.0,23.5562139775,54.0,1.0,0.0,0.0,1.0,1.0,HER2pos,0.0,1.0,0.0,spy2,0,train
ISPY2-609642,1,384.0,160.0,7.0,0.0,2.0,5.0,1.2000000477,0.78125,47.0,68.0,187.0,204.0,237.0,259.0,0.7719726869359131,58.0,1.0,1.0,0.0,0.0,1.0,HER2pos,0.0,1.0,0.0,spy2,0,train
ACRIN-6698-946927,1,256.0,80.0,8.0,0.0,2.0,6.0,2.0,0.5664,21.0,45.0,62.0,195.0,79.0,143.0,4.202597376000001,63.0,1.0,1.0,0.0,0.0,1.0,HER2pos,0.0,1.0,0.0,spy2,0,train
ISPY2-950131,1,256.0,80.0,8.0,0.0,2.0,6.0,2.0,0.6055,16.0,44.0,99.0,172.0,144.0,198.0,5.137223063,42.0,0.0,1.0,0.0,1.0,0.0,HRposHER2neg,0.0,0.0,1.0,spy2,0,train
ISPY2-311316,0,256.0,80.0,8.0,0.0,2.0,6.0,2.0,0.703125,17.0,68.0,30.0,183.0,43.0,215.0,121.25775146484376,48.0,0.0,1.0,0.0,1.0,1.0,HER2pos,0.0,1.0,0.0,spy2,0,train
ISPY2-596458,1,384.0,160.0,6.0,0.0,2.0,5.0,1.0,0.83333331346512,44.0,94.0,83.0,168.0,280.0,332.0,6.609721907046135,58.0,1.0,1.0,0.0,1.0,1.0,HER2pos,0.0,1.0,0.0,spy2,0,train
ISPY2-889721,1,256.0,64.0,9.0,0.0,2.0,6.0,2.5000000002,0.8413461447,26.0,45.0,37.0,90.0,120.0,163.0,13.514880728416848,64.0,1.0,1.0,0.0,0.0,1.0,HER2pos,0.0,1.0,0.0,spy2,0,train
ACRIN-6698-465008,0,256.0,72.0,7.0,0.0,2.0,6.0,2.2,0.7031,31.0,45.0,137.0,184.0,82.0,112.0,1.891282737938,62.0,1.0,1.0,0.0,1.0,0.0,HRposHER2neg,0.0,0.0,1.0,spy2,0,train
ISPY2-865416,0,384.0,160.0,7.0,0.0,2.0,6.0,1.0,0.9114583135,51.0,98.0,167.0,223.0,274.0,332.0,12.610049228771402,41.0,0.0,1.0,0.0,1.0,1.0,HER2pos,0.0,1.0,0.0,spy2,0,train
ISPY2-835658,1,256.0,64.0,7.0,0.0,2.0,6.0,2.5,0.89999997615814,39.0,48.0,67.0,100.0,100.0,132.0,4.712174750339966,50.0,0.0,1.0,0.0,1.0,0.0,HRposHER2neg,0.0,0.0,1.0,spy2,0,train
ISPY2-660915,0,256.0,80.0,8.0,0.0,2.0,5.0,2.0,0.625,35.0,60.0,35.0,101.0,59.0,126.0,24.51953125,54.0,1.0,0.0,1.0,1.0,0.0,HRposHER2neg,0.0,0.0,1.0,spy2,0,train
ISPY2-493519,0,384.0,160.0,7.0,0.0,2.0,5.0,1.0,0.7291666865,52.0,105.0,136.0,215.0,70.0,122.0,16.980925402928975,40.0,0.0,1.0,0.0,1.0,0.0,HRposHER2neg,0.0,0.0,1.0,spy2,0,train
ISPY2-318569,0,256.0,80.0,8.0,0.0,2.0,5.0,2.0,0.5859,38.0,77.0,82.0,168.0,63.0,216.0,10.78787988306,39.0,0.0,0.0,0.0,1.0,1.0,HER2pos,0.0,1.0,0.0,spy2,0,train
ISPY2-819622,0,256.0,80.0,9.0,0.0,2.0,5.0,2.0,0.625,21.0,58.0,76.0,224.0,72.0,167.0,6.50703125,53.0,0.0,1.0,0.0,1.0,0.0,HRposHER2neg,0.0,0.0,1.0,spy2,0,train
ISPY2-600536,0,256.0,80.0,7.0,0.0,2.0,5.0,2.0,0.5859,5.0,67.0,52.0,228.0,70.0,198.0,67.44261468546,37.0,0.0,1.0,0.0,0.0,0.0,TripleNeg,1.0,0.0,0.0,spy2,0,train
ISPY2-566011,0,256.0,80.0,8.0,0.0,2.0,5.0,2.0,0.6641,7.0,67.0,33.0,226.0,65.0,211.0,37.23959065878,59.0,1.0,1.0,0.0,0.0,0.0,TripleNeg,1.0,0.0,0.0,spy2,0,train
ISPY2-318438,0,256.0,160.0,7.0,0.0,2.0,5.0,1.1200000048,1.171875,59.0,114.0,62.0,114.0,156.0,190.0,18.14633796839502,60.0,0.0,1.0,0.0,0.0,0.0,TripleNeg,1.0,0.0,0.0,spy2,0,train
ACRIN-6698-422013,0,256.0,134.0,7.0,0.0,2.0,6.0,1.2,0.5284552574,43.0,108.0,33.0,181.0,85.0,175.0,15.995179795905257,32.0,0.0,1.0,0.0,1.0,1.0,HER2pos,0.0,1.0,0.0,spy2,0,train
ISPY2-663467,0,312.0,66.0,8.0,0.0,2.0,5.0,2.4,0.7031,16.0,63.0,141.0,259.0,74.0,201.0,156.22436375219996,45.0,,0.0,1.0,1.0,0.0,HRposHER2neg,0.0,0.0,1.0,spy2,0,train
ISPY2-823618,0,384.0,72.0,9.0,0.0,2.0,6.0,2.5,0.9375,31.0,46.0,196.0,231.0,245.0,279.0,14.2119140625,37.0,0.0,1.0,0.0,1.0,0.0,HRposHER2neg,0.0,0.0,1.0,spy2,0,train
ISPY2-188511,0,256.0,160.0,7.0,0.0,2.0,5.0,1.1000000238,1.328125,52.0,96.0,79.0,124.0,187.0,219.0,11.942593642183358,60.0,1.0,1.0,0.0,1.0,0.0,HRposHER2neg,0.0,0.0,1.0,spy2,0,train
ACRIN-6698-573919,0,256.0,80.0,7.0,0.0,2.0,5.0,2.0,0.5859,33.0,69.0,55.0,162.0,95.0,175.0,11.07348785298,65.0,0.0,1.0,0.0,0.0,1.0,HER2pos,0.0,1.0,0.0,spy2,0,train
ISPY2-660534,1,256.0,80.0,8.0,0.0,2.0,6.0,2.0,0.5859,21.0,32.0,174.0,218.0,134.0,172.0,3.34078937892,50.0,0.0,1.0,0.0,0.0,0.0,TripleNeg,1.0,0.0,0.0,spy2,1,test
ISPY2-692885,0,256.0,134.0,6.0,0.0,2.0,5.0,1.2,0.6055,56.0,81.0,141.0,178.0,149.0,196.0,5.6437594164,40.0,0.0,0.0,1.0,0.0,0.0,TripleNeg,1.0,0.0,0.0,spy2,0,train
ISPY2-834418,0,320.0,90.0,8.0,0.0,2.0,6.0,2.0,0.7031,25.0,53.0,187.0,262.0,156.0,219.0,6.619341277899999,59.0,1.0,1.0,0.0,1.0,0.0,HRposHER2neg,0.0,0.0,1.0,spy2,0,train
ISPY2-602943,1,384.0,144.0,8.0,0.0,2.0,7.0,1.2000000477,0.8072916667,48.0,89.0,108.0,175.0,92.0,150.0,11.74347051985605,38.0,0.0,1.0,0.0,0.0,0.0,TripleNeg,1.0,0.0,0.0,spy2,1,test
ISPY2-378401,1,256.0,80.0,8.0,0.0,2.0,5.0,2.0,0.625,15.0,64.0,39.0,198.0,63.0,197.0,19.646875,61.0,1.0,1.0,0.0,0.0,0.0,TripleNeg,1.0,0.0,0.0,spy2,0,train
ISPY2-123660,0,384.0,160.0,7.0,0.0,2.0,5.0,1.0,0.9114583135,35.0,96.0,92.0,161.0,277.0,336.0,15.054134137595794,71.0,1.0,0.0,0.0,0.0,1.0,HER2pos,0.0,1.0,0.0,spy2,1,test
ISPY2-859699,1,384.0,144.0,6.0,0.0,2.0,5.0,1.2000000477,0.96354166666667,54.0,108.0,86.0,165.0,269.0,316.0,7.407618295754949,53.0,1.0,1.0,0.0,1.0,1.0,HER2pos,0.0,1.0,0.0,spy2,0,train
ISPY2-188091,1,256.0,80.0,8.0,0.0,2.0,6.0,2.0,0.703125,52.0,66.0,152.0,189.0,71.0,116.0,5.43922119140625,50.0,0.0,0.0,1.0,0.0,1.0,HER2pos,0.0,1.0,0.0,spy2,0,train
ACRIN-6698-736721,0,256.0,160.0,7.0,0.0,2.0,5.0,1.0,0.5859375,83.0,124.0,49.0,164.0,52.0,119.0,11.605682373046877,41.0,0.0,1.0,0.0,1.0,0.0,HRposHER2neg,0.0,0.0,1.0,spy2,1,test
ACRIN-6698-233191,0,256.0,80.0,8.0,0.0,2.0,6.0,2.0,0.6445,12.0,66.0,113.0,231.0,73.0,198.0,95.102138998,42.0,0.0,1.0,0.0,0.0,0.0,TripleNeg,1.0,0.0,0.0,spy2,0,train
ISPY2-111674,1,384.0,72.0,8.0,0.0,2.0,6.0,2.5,0.9375,17.0,55.0,120.0,184.0,247.0,297.0,7.0751953125,30.0,0.0,1.0,0.0,0.0,0.0,TripleNeg,1.0,0.0,0.0,spy2,1,test
ACRIN-6698-407539,0,256.0,80.0,7.0,0.0,2.0,5.0,2.0,0.7031,14.0,59.0,36.0,179.0,126.0,206.0,63.90061928781999,35.0,0.0,0.0,1.0,1.0,0.0,HRposHER2neg,0.0,0.0,1.0,spy2,0,train
ACRIN-6698-511851,0,312.0,80.0,7.0,0.0,2.0,5.0,2.0,0.5859,18.0,41.0,45.0,155.0,107.0,220.0,19.51608690612,48.0,1.0,1.0,0.0,1.0,0.0,HRposHER2neg,0.0,0.0,1.0,spy2,0,train
ISPY2-128051,0,256.0,160.0,7.0,0.0,2.0,6.0,1.0,0.64453125,45.0,85.0,36.0,100.0,125.0,189.0,7.568962097167969,56.0,1.0,1.0,0.0,1.0,1.0,HER2pos,0.0,1.0,0.0,spy2,0,train
ISPY2-824234,1,256.0,80.0,8.0,0.0,2.0,5.0,2.0,0.5859,23.0,64.0,42.0,229.0,68.0,198.0,71.7693008067,30.0,0.0,1.0,0.0,1.0,1.0,HER2pos,0.0,1.0,0.0,spy2,0,train
ACRIN-6698-283070,0,384.0,160.0,7.0,0.0,2.0,5.0,1.0,0.83333331346512,25.0,82.0,99.0,170.0,244.0,314.0,27.881943114929847,68.0,1.0,1.0,0.0,0.0,0.0,TripleNeg,1.0,0.0,0.0,spy2,0,train
ISPY2-229144,0,256.0,64.0,8.0,0.0,2.0,6.0,2.5,0.9375,0.0,28.0,49.0,154.0,119.0,223.0,32.447021484375,54.0,1.0,1.0,0.0,1.0,0.0,HRposHER2neg,0.0,0.0,1.0,spy2,1,test
ISPY2-424541,0,256.0,80.0,8.0,0.0,2.0,5.0,2.0,0.5859,33.0,55.0,138.0,209.0,91.0,157.0,12.95808851988,58.0,1.0,1.0,0.0,1.0,0.0,HRposHER2neg,0.0,0.0,1.0,spy2,0,train
ISPY2-542392,0,384.0,160.0,7.0,0.0,2.0,5.0,1.0,0.8854166865,93.0,124.0,136.0,179.0,264.0,305.0,6.869081253915387,56.0,1.0,1.0,0.0,0.0,0.0,TripleNeg,1.0,0.0,0.0,spy2,0,train
ISPY2-749097,0,256.0,134.0,6.0,0.0,2.0,5.0,1.1999986755,0.7813000083,14.0,76.0,73.0,210.0,104.0,217.0,46.16161987514023,46.0,0.0,0.0,1.0,1.0,0.0,HRposHER2neg,0.0,0.0,1.0,spy2,0,train
ISPY2-437968,0,256.0,80.0,8.0,0.0,2.0,6.0,2.0,0.5859,37.0,56.0,133.0,195.0,81.0,138.0,6.67539973926,60.0,1.0,1.0,0.0,1.0,1.0,HER2pos,0.0,1.0,0.0,spy2,0,train
ISPY2-460812,0,256.0,64.0,7.0,0.0,2.0,5.0,2.5,0.625,11.0,49.0,47.0,171.0,28.0,131.0,70.2265625,50.0,1.0,0.0,1.0,1.0,0.0,HRposHER2neg,0.0,0.0,1.0,spy2,0,train
ISPY2-728714,0,256.0,80.0,7.0,0.0,2.0,5.0,2.0,0.5469,47.0,70.0,65.0,178.0,71.0,152.0,17.201218571100007,50.0,0.0,1.0,0.0,1.0,0.0,HRposHER2neg,0.0,0.0,1.0,spy2,0,train
ISPY2-413961,0,384.0,144.0,6.0,0.0,2.0,5.0,1.2000000477,1.015625,19.0,50.0,89.0,141.0,84.0,129.0,12.332131837858473,49.0,0.0,1.0,0.0,0.0,0.0,TripleNeg,1.0,0.0,0.0,spy2,0,train
ISPY2-395379,0,256.0,200.0,5.0,0.0,2.0,4.0,0.799997,0.625,77.0,160.0,53.0,206.0,60.0,150.0,23.284600182421872,36.0,0.0,1.0,0.0,1.0,0.0,HRposHER2neg,0.0,0.0,1.0,spy2,0,train
ISPY2-294176,1,256.0,64.0,7.0,0.0,2.0,5.0,2.0,0.5859,18.0,45.0,90.0,208.0,120.0,215.0,24.1839921645,56.0,1.0,1.0,0.0,0.0,0.0,TripleNeg,1.0,0.0,0.0,spy2,0,train
ACRIN-6698-130580,1,256.0,134.0,7.0,0.0,2.0,5.0,1.2000000477,0.625,58.0,121.0,81.0,217.0,122.0,205.0,70.51078405280354,56.0,1.0,1.0,0.0,0.0,0.0,TripleNeg,1.0,0.0,0.0,spy2,0,train
ISPY2-375342,0,320.0,180.0,7.0,0.0,2.0,6.0,1.0,0.703125,89.0,128.0,53.0,147.0,132.0,205.0,14.557159423828123,38.0,0.0,1.0,0.0,0.0,0.0,TripleNeg,1.0,0.0,0.0,spy2,0,train
ISPY2-503034,0,256.0,80.0,9.0,0.0,2.0,6.0,2.0,0.703125,6.0,56.0,35.0,214.0,103.0,211.0,80.4482666015625,42.0,0.0,1.0,0.0,0.0,1.0,HER2pos,0.0,1.0,0.0,spy2,0,train
ACRIN-6698-490023,1,256.0,80.0,8.0,0.0,2.0,6.0,2.0,0.703125,35.0,69.0,26.0,199.0,76.0,159.0,23.3804443359375,34.0,0.0,1.0,0.0,0.0,1.0,HER2pos,0.0,1.0,0.0,spy2,0,train
ISPY2-299364,0,384.0,176.0,7.0,0.0,2.0,6.0,1.0,0.72916668653488,71.0,119.0,137.0,210.0,284.0,351.0,12.87260269802887,40.0,0.0,1.0,0.0,0.0,0.0,TripleNeg,1.0,0.0,0.0,spy2,0,train
ISPY2-303947,1,256.0,160.0,7.0,0.0,2.0,5.0,1.1000000238,1.171875,93.0,124.0,88.0,118.0,64.0,91.0,3.2674713841727603,61.0,1.0,1.0,0.0,0.0,1.0,HER2pos,0.0,1.0,0.0,spy2,1,test
ISPY2-766967,1,256.0,134.0,6.0,0.0,2.0,5.0,1.2,0.625,54.0,98.0,121.0,219.0,93.0,168.0,5.86921875,44.0,0.0,1.0,0.0,1.0,0.0,HRposHER2neg,0.0,0.0,1.0,spy2,0,train
ISPY2-726381,0,256.0,134.0,6.0,0.0,2.0,5.0,1.1999992593,0.742200017,38.0,85.0,30.0,104.0,89.0,176.0,14.42637612277498,63.0,1.0,1.0,0.0,1.0,1.0,HER2pos,0.0,1.0,0.0,spy2,0,train
ISPY2-841336,0,256.0,64.0,7.0,0.0,2.0,6.0,2.5,0.87962961196899,23.0,48.0,20.0,83.0,69.0,140.0,51.10607219339189,47.0,,0.0,1.0,1.0,0.0,HRposHER2neg,0.0,0.0,1.0,spy2,0,train
ISPY2-589502,1,256.0,80.0,8.0,0.0,2.0,5.0,2.0,0.703125,14.0,65.0,40.0,160.0,82.0,212.0,45.19962158203125,67.0,1.0,1.0,0.0,1.0,0.0,HRposHER2neg,0.0,0.0,1.0,spy2,0,train
ISPY2-462581,0,256.0,64.0,9.0,0.0,2.0,6.0,2.5000000002,0.8413461447,29.0,39.0,65.0,91.0,146.0,171.0,2.11474171408382,69.0,1.0,0.0,1.0,0.0,0.0,TripleNeg,1.0,0.0,0.0,spy2,0,train
ISPY2-940186,1,256.0,80.0,8.0,0.0,2.0,6.0,2.0,0.5859,18.0,63.0,74.0,213.0,99.0,214.0,15.77297476188,44.0,0.0,1.0,0.0,1.0,0.0,HRposHER2neg,0.0,0.0,1.0,spy2,0,train
ISPY2-592535,0,384.0,160.0,6.0,0.0,2.0,5.0,1.0,0.83333331346512,34.0,60.0,159.0,202.0,77.0,125.0,3.527083165148909,44.0,0.0,1.0,0.0,1.0,0.0,HRposHER2neg,0.0,0.0,1.0,spy2,0,train
ISPY2-443444,0,384.0,80.0,9.0,0.0,2.0,6.0,2.5,0.9375,17.0,47.0,59.0,160.0,76.0,159.0,24.554443359375,61.0,1.0,1.0,0.0,0.0,1.0,HER2pos,0.0,1.0,0.0,spy2,0,train
ISPY2-492612,0,256.0,76.0,8.0,0.0,2.0,6.0,2.1,0.625,35.0,57.0,117.0,183.0,129.0,182.0,9.274453125,37.0,0.0,1.0,0.0,0.0,0.0,TripleNeg,1.0,0.0,0.0,spy2,1,test
ISPY2-885871,0,256.0,80.0,8.0,0.0,2.0,5.0,2.0,0.5859,44.0,68.0,67.0,158.0,93.0,177.0,17.324594983079997,41.0,0.0,1.0,0.0,0.0,0.0,TripleNeg,1.0,0.0,0.0,spy2,1,test
ACRIN-6698-995480,0,256.0,64.0,7.0,0.0,2.0,5.0,2.5,0.6641,25.0,47.0,125.0,191.0,89.0,142.0,29.2975438483,46.0,0.0,0.0,0.0,1.0,1.0,HER2pos,0.0,1.0,0.0,spy2,0,train
ISPY2-528833,1,256.0,66.0,7.0,0.0,2.0,5.0,2.4,0.4297,15.0,38.0,120.0,207.0,158.0,242.0,8.940369997800001,61.0,1.0,1.0,0.0,1.0,1.0,HER2pos,0.0,1.0,0.0,spy2,0,train
ACRIN-6698-775346,0,256.0,80.0,8.0,0.0,2.0,6.0,2.0,0.5859,15.0,65.0,61.0,186.0,107.0,225.0,20.67980207202,35.0,0.0,1.0,0.0,1.0,0.0,HRposHER2neg,0.0,0.0,1.0,spy2,0,train
ISPY2-515565,0,384.0,144.0,6.0,0.0,2.0,5.0,1.2000000477,1.1458333333333,54.0,95.0,174.0,223.0,60.0,109.0,26.43881615510802,59.0,1.0,1.0,0.0,0.0,0.0,TripleNeg,1.0,0.0,0.0,spy2,0,train
ISPY2-442637,0,256.0,64.0,7.0,0.0,2.0,6.0,2.5,0.8999999762,16.0,30.0,63.0,113.0,137.0,162.0,4.250474775197104,56.0,0.0,0.0,0.0,0.0,1.0,HER2pos,0.0,1.0,0.0,spy2,1,test
ACRIN-6698-408692,1,256.0,80.0,8.0,0.0,2.0,6.0,2.0,0.6445,20.0,27.0,100.0,163.0,87.0,133.0,2.9550150985,25.0,0.0,1.0,0.0,0.0,0.0,TripleNeg,1.0,0.0,0.0,spy2,0,train
ISPY2-497010,1,256.0,80.0,9.0,0.0,2.0,6.0,2.0,0.703125,30.0,68.0,73.0,170.0,95.0,174.0,62.43782958984375,31.0,0.0,1.0,0.0,0.0,0.0,TripleNeg,1.0,0.0,0.0,spy2,0,train
ACRIN-6698-805136,0,256.0,64.0,7.0,0.0,2.0,5.0,2.5,0.87053573131561,17.0,63.0,20.0,189.0,49.0,240.0,112.70484337642417,52.0,,0.0,1.0,0.0,1.0,HER2pos,0.0,1.0,0.0,spy2,0,train
ISPY2-238790,0,256.0,80.0,7.0,0.0,2.0,5.0,2.0,0.703125,30.0,54.0,68.0,137.0,155.0,227.0,50.05546875,44.0,0.0,0.0,1.0,0.0,0.0,TripleNeg,1.0,0.0,0.0,spy2,0,train
ISPY2-327142,0,256.0,80.0,7.0,0.0,2.0,5.0,2.0,0.703125,32.0,65.0,42.0,144.0,83.0,189.0,21.2605224609375,59.0,1.0,0.0,1.0,1.0,0.0,HRposHER2neg,0.0,0.0,1.0,spy2,0,train
ISPY2-132463,1,320.0,150.0,6.0,0.0,2.0,5.0,1.2,0.6836,36.0,93.0,164.0,298.0,97.0,207.0,47.841595936128,64.0,1.0,0.0,0.0,1.0,1.0,HER2pos,0.0,1.0,0.0,spy2,0,train
ISPY2-726940,0,256.0,80.0,8.0,0.0,2.0,6.0,2.0,0.6055,34.0,72.0,36.0,142.0,98.0,201.0,14.762733646500005,51.0,0.0,1.0,0.0,0.0,0.0,TripleNeg,1.0,0.0,0.0,spy2,0,train
ISPY2-262131,0,312.0,136.0,6.0,0.0,2.0,5.0,1.2,0.7031,6.0,129.0,100.0,287.0,78.0,286.0,477.6746044351679,41.0,0.0,1.0,0.0,0.0,0.0,TripleNeg,1.0,0.0,0.0,spy2,0,train
ISPY2-792412,0,256.0,80.0,7.0,0.0,2.0,5.0,2.0,0.625,19.0,59.0,99.0,233.0,100.0,171.0,63.8765625,32.0,0.0,1.0,0.0,0.0,0.0,TripleNeg,1.0,0.0,0.0,spy2,0,train
ISPY2-517870,0,320.0,128.0,6.0,0.0,2.0,5.0,1.2,0.6641,28.0,55.0,169.0,222.0,182.0,227.0,3.467015681172,52.0,1.0,1.0,0.0,0.0,0.0,TripleNeg,1.0,0.0,0.0,spy2,0,train
ACRIN-6698-652480,0,256.0,80.0,7.0,0.0,2.0,5.0,2.0,0.5859,25.0,68.0,0.0,208.0,85.0,189.0,61.02330093846,36.0,0.0,1.0,0.0,0.0,0.0,TripleNeg,1.0,0.0,0.0,spy2,0,train
ISPY2-199115,0,256.0,80.0,8.0,0.0,2.0,5.0,2.0,0.6641,10.0,25.0,28.0,92.0,62.0,120.0,5.384079712480001,61.0,1.0,1.0,0.0,1.0,0.0,HRposHER2neg,0.0,0.0,1.0,spy2,0,train
ISPY2-630758,0,256.0,80.0,10.0,0.0,2.0,5.0,2.0,0.6445,31.0,75.0,13.0,155.0,84.0,211.0,27.2082371355,57.0,1.0,1.0,0.0,0.0,0.0,TripleNeg,1.0,0.0,0.0,spy2,0,train
ACRIN-6698-783764,0,256.0,72.0,7.0,0.0,2.0,6.0,2.2,0.7031,22.0,46.0,63.0,134.0,109.0,191.0,6.508013745727999,54.0,1.0,1.0,0.0,1.0,0.0,HRposHER2neg,0.0,0.0,1.0,spy2,0,train
ISPY2-752372,0,320.0,144.0,6.0,0.0,2.0,5.0,1.2000000477,0.9375,58.0,103.0,135.0,203.0,41.0,111.0,27.36386827521372,59.0,0.0,1.0,0.0,1.0,0.0,HRposHER2neg,0.0,0.0,1.0,spy2,1,test
ISPY2-549172,0,384.0,80.0,8.0,0.0,2.0,6.0,2.5,0.9375,33.0,53.0,158.0,200.0,265.0,301.0,13.3505859375,45.0,0.0,1.0,0.0,0.0,0.0,TripleNeg,1.0,0.0,0.0,spy2,0,train
ISPY2-174903,0,256.0,80.0,8.0,0.0,2.0,5.0,2.0,0.5469,31.0,57.0,5.0,114.0,116.0,184.0,7.132329300060001,56.0,1.0,1.0,0.0,1.0,0.0,HRposHER2neg,0.0,0.0,1.0,spy2,0,train
ISPY2-808714,0,320.0,136.0,6.0,0.0,2.0,5.0,1.2,0.6641,62.0,103.0,120.0,182.0,196.0,258.0,3.335236272744,69.0,1.0,1.0,0.0,0.0,0.0,TripleNeg,1.0,0.0,0.0,spy2,0,train
ACRIN-6698-928815,0,256.0,80.0,8.0,0.0,2.0,6.0,2.0,0.6445,22.0,79.0,24.0,210.0,59.0,231.0,121.460508142,38.0,0.0,1.0,0.0,0.0,0.0,TripleNeg,1.0,0.0,0.0,spy2,0,train
ISPY2-241705,0,256.0,66.0,7.0,0.0,2.0,6.0,2.4,0.6445,29.0,44.0,7.0,74.0,163.0,217.0,3.708514872,49.0,0.0,0.0,1.0,1.0,0.0,HRposHER2neg,0.0,0.0,1.0,spy2,0,train
ACRIN-6698-148357,0,256.0,72.0,7.0,0.0,2.0,6.0,2.2,0.7031,26.0,64.0,71.0,212.0,71.0,186.0,93.918120826552,55.0,1.0,0.0,1.0,1.0,0.0,HRposHER2neg,0.0,0.0,1.0,spy2,0,train
ACRIN-6698-680881,0,312.0,80.0,7.0,0.0,2.0,5.0,2.0,0.5859,17.0,79.0,34.0,223.0,77.0,207.0,75.81930420708,33.0,0.0,1.0,0.0,1.0,0.0,HRposHER2neg,0.0,0.0,1.0,spy2,1,test
ACRIN-6698-591810,1,256.0,160.0,7.0,0.0,2.0,6.0,1.0,0.6640625,42.0,76.0,47.0,91.0,22.0,78.0,5.003347778320313,35.0,0.0,0.0,0.0,1.0,0.0,HRposHER2neg,0.0,0.0,1.0,spy2,0,train
ISPY2-790070,0,256.0,80.0,9.0,0.0,2.0,6.0,2.0,0.6641,13.0,66.0,71.0,212.0,57.0,166.0,35.28142274238,44.0,0.0,1.0,0.0,1.0,1.0,HER2pos,0.0,1.0,0.0,spy2,0,train
ISPY2-128675,1,256.0,72.0,7.0,0.0,2.0,6.0,2.2,0.7031,28.0,62.0,60.0,162.0,40.0,168.0,124.77136981595,47.0,0.0,1.0,0.0,1.0,0.0,HRposHER2neg,0.0,0.0,1.0,spy2,0,train
ISPY2-889225,0,384.0,160.0,6.0,0.0,2.0,5.0,1.0,0.78125,56.0,99.0,93.0,168.0,249.0,312.0,4.671630859375,46.0,0.0,1.0,0.0,1.0,0.0,HRposHER2neg,0.0,0.0,1.0,spy2,0,train
ISPY2-411008,0,384.0,160.0,7.0,0.0,2.0,5.0,1.25,0.8333333135,55.0,119.0,127.0,210.0,288.0,343.0,18.71874910898751,49.0,0.0,1.0,0.0,0.0,0.0,TripleNeg,1.0,0.0,0.0,spy2,0,train
ISPY2-723918,1,256.0,160.0,7.0,0.0,2.0,6.0,1.0,0.597014904,58.0,106.0,52.0,119.0,49.0,124.0,7.200177697877809,35.0,0.0,1.0,0.0,1.0,1.0,HER2pos,0.0,1.0,0.0,spy2,0,train
ISPY2-742477,0,256.0,80.0,8.0,0.0,2.0,6.0,2.0,0.6445,49.0,71.0,86.0,159.0,130.0,191.0,5.451450400999999,44.0,0.0,1.0,0.0,1.0,1.0,HER2pos,0.0,1.0,0.0,spy2,0,train
ISPY2-579881,0,256.0,80.0,6.0,0.0,2.0,5.0,2.0,0.5078,10.0,33.0,51.0,208.0,79.0,207.0,25.932548957120005,32.0,0.0,1.0,0.0,1.0,0.0,HRposHER2neg,0.0,0.0,1.0,spy2,0,train
ACRIN-6698-162562,1,256.0,80.0,8.0,0.0,2.0,6.0,2.0,0.6641,37.0,55.0,74.0,124.0,51.0,113.0,6.62601684144,61.0,1.0,1.0,0.0,0.0,1.0,HER2pos,0.0,1.0,0.0,spy2,1,test
ISPY2-120422,1,384.0,160.0,7.0,0.0,2.0,5.0,1.0,0.9114583135,44.0,81.0,132.0,181.0,64.0,106.0,8.14556510231923,57.0,1.0,1.0,0.0,1.0,0.0,HRposHER2neg,0.0,0.0,1.0,spy2,0,train
ISPY2-203254,0,256.0,134.0,6.0,0.0,2.0,5.0,1.2,0.6641,61.0,119.0,99.0,189.0,69.0,149.0,37.27663707882,25.0,0.0,0.0,0.0,0.0,0.0,TripleNeg,1.0,0.0,0.0,spy2,0,train
ISPY2-423619,1,256.0,80.0,7.0,0.0,2.0,5.0,2.0,0.5664,29.0,57.0,40.0,162.0,71.0,133.0,15.65740210176,53.0,0.0,1.0,0.0,0.0,0.0,TripleNeg,1.0,0.0,0.0,spy2,0,train
ISPY2-349330,1,256.0,80.0,8.0,0.0,2.0,5.0,2.0,0.625,38.0,64.0,117.0,182.0,118.0,179.0,8.8984375,50.0,1.0,1.0,0.0,0.0,0.0,TripleNeg,1.0,0.0,0.0,spy2,0,train
ACRIN-6698-524170,0,256.0,80.0,8.0,0.0,2.0,6.0,2.0,0.6445,6.0,43.0,81.0,227.0,81.0,163.0,25.4254251025,38.0,0.0,1.0,0.0,1.0,0.0,HRposHER2neg,0.0,0.0,1.0,spy2,1,test
ACRIN-6698-240957,0,256.0,80.0,8.0,0.0,2.0,6.0,2.0,0.6641,24.0,55.0,111.0,223.0,96.0,192.0,54.50322239742001,46.0,0.0,1.0,0.0,1.0,0.0,HRposHER2neg,0.0,0.0,1.0,spy2,0,train
ACRIN-6698-584561,1,256.0,160.0,7.0,0.0,2.0,6.0,1.0,0.66666668653488,59.0,122.0,109.0,183.0,93.0,174.0,25.2168903919325,39.0,0.0,1.0,0.0,0.0,1.0,HER2pos,0.0,1.0,0.0,spy2,0,train
ACRIN-6698-421917,0,256.0,72.0,7.0,0.0,2.0,6.0,2.2,0.7031,9.0,53.0,101.0,182.0,120.0,210.0,14.142749122568,41.0,0.0,1.0,0.0,0.0,0.0,TripleNeg,1.0,0.0,0.0,spy2,0,train
ISPY2-115638,0,384.0,176.0,7.0,0.0,2.0,5.0,1.1000000238,0.83333331346512,44.0,131.0,122.0,214.0,257.0,338.0,25.50854100223678,34.0,0.0,1.0,0.0,0.0,0.0,TripleNeg,1.0,0.0,0.0,spy2,0,train
ISPY2-154293,0,256.0,80.0,8.0,0.0,2.0,5.0,2.0,0.5078,21.0,64.0,83.0,198.0,66.0,155.0,26.064573707200005,52.0,0.0,1.0,0.0,1.0,1.0,HER2pos,0.0,1.0,0.0,spy2,0,train
ISPY2-746731,1,256.0,80.0,8.0,0.0,2.0,6.0,2.0,0.703125,19.0,43.0,94.0,159.0,110.0,161.0,16.47388916015625,46.0,0.0,0.0,1.0,0.0,0.0,TripleNeg,1.0,0.0,0.0,spy2,1,test
ISPY2-282082,1,256.0,160.0,7.0,0.0,2.0,5.0,1.1000000238,1.25,28.0,119.0,74.0,143.0,20.0,90.0,17.603437880874374,,0.0,,,0.0,0.0,TripleNeg,1.0,0.0,0.0,spy2,0,train
ISPY2-433144,1,256.0,134.0,6.0,0.0,2.0,5.0,1.2,0.7813,74.0,120.0,8.0,211.0,73.0,195.0,29.9232634038,59.0,1.0,1.0,0.0,0.0,0.0,TripleNeg,1.0,0.0,0.0,spy2,0,train
ISPY2-883886,0,384.0,144.0,7.0,0.0,2.0,6.0,1.2000000477,0.9375,46.0,81.0,81.0,151.0,271.0,324.0,13.938750554065312,57.0,1.0,1.0,0.0,0.0,0.0,TripleNeg,1.0,0.0,0.0,spy2,0,train
ACRIN-6698-928170,0,256.0,72.0,7.0,0.0,2.0,5.0,2.2,0.7031,5.0,54.0,103.0,198.0,46.0,154.0,17.018281934016,67.0,1.0,1.0,0.0,1.0,0.0,HRposHER2neg,0.0,0.0,1.0,spy2,0,train
ACRIN-6698-520471,1,384.0,160.0,7.0,0.0,2.0,5.0,1.0,0.88541668653488,68.0,101.0,123.0,175.0,259.0,331.0,6.969428481182269,35.0,0.0,1.0,0.0,1.0,0.0,HRposHER2neg,0.0,0.0,1.0,spy2,0,train
ISPY2-172283,0,256.0,64.0,9.0,0.0,2.0,6.0,2.5000000002,0.9375,25.0,57.0,81.0,138.0,73.0,133.0,24.528076173837245,48.0,0.0,0.0,1.0,0.0,0.0,TripleNeg,1.0,0.0,0.0,spy2,0,train
ISPY2-720065,0,256.0,80.0,9.0,0.0,2.0,5.0,2.0,0.625,27.0,58.0,90.0,189.0,139.0,211.0,7.4109375,55.0,1.0,1.0,0.0,1.0,1.0,HER2pos,0.0,1.0,0.0,spy2,1,test
ISPY2-478655,1,256.0,134.0,6.0,0.0,2.0,5.0,1.2,0.7031,38.0,68.0,87.0,156.0,134.0,199.0,7.689904793315998,52.0,1.0,1.0,0.0,0.0,0.0,TripleNeg,1.0,0.0,0.0,spy2,0,train
ISPY2-451482,0,384.0,200.0,8.0,0.0,2.0,6.0,1.0,0.9375,67.0,119.0,101.0,177.0,259.0,333.0,16.68515625,47.0,0.0,0.0,1.0,1.0,0.0,HRposHER2neg,0.0,0.0,1.0,spy2,0,train
ISPY2-586091,1,256.0,134.0,6.0,0.0,2.0,5.0,1.2,0.7031,84.0,112.0,83.0,122.0,137.0,168.0,4.475841368939999,44.0,0.0,1.0,0.0,1.0,0.0,HRposHER2neg,0.0,0.0,1.0,spy2,0,train
ACRIN-6698-234723,0,256.0,160.0,7.0,0.0,2.0,6.0,1.0,0.6640625,33.0,124.0,62.0,155.0,60.0,143.0,64.71763763427734,37.0,0.0,1.0,0.0,0.0,0.0,TripleNeg,1.0,0.0,0.0,spy2,0,train
ISPY2-602451,0,384.0,176.0,6.0,0.0,2.0,4.0,1.1000000238,0.9114583135,81.0,113.0,124.0,163.0,235.0,268.0,3.3592460744909496,47.0,0.0,1.0,0.0,1.0,0.0,HRposHER2neg,0.0,0.0,1.0,spy2,1,test
ISPY2-883696,0,256.0,72.0,8.0,0.0,2.0,6.0,2.2,0.7031,35.0,63.0,40.0,205.0,74.0,180.0,25.24791763153,27.0,0.0,1.0,0.0,1.0,0.0,HRposHER2neg,0.0,0.0,1.0,spy2,0,train
ACRIN-6698-970839,0,256.0,80.0,8.0,0.0,2.0,6.0,2.0,0.6055,45.0,61.0,156.0,210.0,122.0,173.0,4.8182547455,58.0,1.0,1.0,0.0,1.0,0.0,HRposHER2neg,0.0,0.0,1.0,spy2,0,train
ISPY2-507249,0,384.0,160.0,7.0,0.0,2.0,5.0,1.0,0.8333333135,47.0,81.0,86.0,121.0,231.0,278.0,9.976388414012783,37.0,0.0,1.0,0.0,1.0,1.0,HER2pos,0.0,1.0,0.0,spy2,0,train
ACRIN-6698-724293,1,256.0,134.0,6.0,0.0,2.0,5.0,1.2,0.6641,31.0,50.0,162.0,192.0,86.0,122.0,2.70968100864,41.0,,1.0,0.0,1.0,1.0,HER2pos,0.0,1.0,0.0,spy2,0,train
ISPY2-117424,1,256.0,134.0,6.0,0.0,2.0,5.0,1.2,0.6641,64.0,105.0,45.0,154.0,167.0,220.0,12.269774317248,33.0,0.0,1.0,0.0,0.0,0.0,TripleNeg,1.0,0.0,0.0,spy2,0,train
ISPY2-793684,0,256.0,80.0,8.0,0.0,2.0,6.0,2.0,0.703125,13.0,32.0,136.0,208.0,75.0,151.0,30.27908935546875,48.0,1.0,1.0,0.0,0.0,0.0,TripleNeg,1.0,0.0,0.0,spy2,0,train
ISPY2-380769,1,256.0,80.0,8.0,0.0,2.0,6.0,2.0,0.703125,48.0,68.0,171.0,230.0,79.0,131.0,11.67440185546875,40.0,0.0,0.0,1.0,0.0,0.0,TripleNeg,1.0,0.0,0.0,spy2,1,test
ISPY2-572444,0,384.0,144.0,6.0,0.0,2.0,5.0,1.2000000477,1.0416666666667,30.0,91.0,95.0,195.0,35.0,104.0,31.63020959063613,54.0,1.0,1.0,0.0,1.0,0.0,HRposHER2neg,0.0,0.0,1.0,spy2,0,train
ISPY2-796558,0,256.0,160.0,7.0,0.0,2.0,6.0,1.0,0.703125,69.0,103.0,75.0,203.0,83.0,158.0,9.419512939453124,38.0,0.0,1.0,0.0,0.0,0.0,TripleNeg,1.0,0.0,0.0,spy2,0,train
ISPY2-925691,0,256.0,66.0,7.0,0.0,2.0,5.0,2.4,0.6641,26.0,47.0,11.0,99.0,48.0,108.0,13.856419564104,58.0,1.0,1.0,0.0,0.0,1.0,HER2pos,0.0,1.0,0.0,spy2,0,train
ISPY2-414256,0,256.0,80.0,8.0,0.0,2.0,6.0,2.0,0.5859,33.0,67.0,65.0,185.0,97.0,194.0,18.97507950156,38.0,0.0,0.0,0.0,1.0,0.0,HRposHER2neg,0.0,0.0,1.0,spy2,0,train
ACRIN-6698-765671,1,256.0,80.0,8.0,0.0,2.0,6.0,2.0,0.703125,42.0,64.0,78.0,143.0,83.0,170.0,43.7748046875,41.0,0.0,0.0,1.0,0.0,0.0,TripleNeg,1.0,0.0,0.0,spy2,0,train
ISPY2-990443,0,256.0,124.0,7.0,0.0,2.0,5.0,1.2999999523,0.5859375,34.0,70.0,95.0,219.0,141.0,199.0,10.121188746061856,53.0,0.0,1.0,0.0,1.0,0.0,HRposHER2neg,0.0,0.0,1.0,spy2,0,train
ACRIN-6698-384830,0,256.0,80.0,8.0,0.0,2.0,6.0,2.0,0.703125,33.0,72.0,115.0,221.0,111.0,228.0,57.02431640625,37.0,0.0,1.0,0.0,1.0,1.0,HER2pos,0.0,1.0,0.0,spy2,0,train
ISPY2-836983,1,384.0,160.0,6.0,0.0,2.0,5.0,1.0,0.78125,29.0,69.0,158.0,227.0,291.0,345.0,8.443603515625,54.0,1.0,1.0,0.0,1.0,1.0,HER2pos,0.0,1.0,0.0,spy2,0,train
ISPY2-586207,1,256.0,134.0,6.0,0.0,2.0,5.0,1.2,0.7031,23.0,58.0,157.0,224.0,74.0,142.0,21.011835823439995,45.0,0.0,1.0,0.0,0.0,0.0,TripleNeg,1.0,0.0,0.0,spy2,0,train
ISPY2-559021,1,312.0,134.0,6.0,0.0,2.0,5.0,1.2,0.7813,0.0,133.0,87.0,274.0,41.0,257.0,495.00842335542,34.0,0.0,1.0,0.0,1.0,0.0,HRposHER2neg,0.0,0.0,1.0,spy2,0,train
ISPY2-746265,0,256.0,72.0,8.0,0.0,2.0,5.0,2.2,0.7031,16.0,70.0,82.0,235.0,66.0,197.0,69.543521216048,35.0,0.0,1.0,0.0,1.0,0.0,HRposHER2neg,0.0,0.0,1.0,spy2,0,train
ACRIN-6698-962153,0,256.0,134.0,6.0,0.0,2.0,5.0,1.2,0.6836,34.0,99.0,60.0,187.0,66.0,146.0,10.223972350464,55.0,,1.0,0.0,1.0,1.0,HER2pos,0.0,1.0,0.0,spy2,0,train
ISPY2-559263,0,256.0,80.0,9.0,0.0,2.0,6.0,2.0,0.703125,33.0,70.0,90.0,206.0,115.0,203.0,31.589208984375,64.0,1.0,1.0,0.0,0.0,0.0,TripleNeg,1.0,0.0,0.0,spy2,0,train
ISPY2-287300,1,256.0,80.0,8.0,0.0,2.0,5.0,2.0,0.625,16.0,54.0,73.0,226.0,67.0,188.0,34.87421875,45.0,0.0,1.0,0.0,1.0,1.0,HER2pos,0.0,1.0,0.0,spy2,0,train
ACRIN-6698-711476,1,256.0,72.0,7.0,0.0,2.0,6.0,2.2,0.7031,46.0,57.0,149.0,197.0,104.0,145.0,2.031579157256,47.0,0.0,1.0,0.0,1.0,0.0,HRposHER2neg,0.0,0.0,1.0,spy2,1,test
ISPY2-944536,1,256.0,64.0,7.0,0.0,2.0,6.0,2.5,0.8999999762,27.0,37.0,64.0,97.0,101.0,130.0,0.4981499736534004,58.0,1.0,0.0,1.0,0.0,1.0,HER2pos,0.0,1.0,0.0,spy2,0,train
ACRIN-6698-361701,0,256.0,72.0,7.0,0.0,2.0,6.0,2.2,0.7031,29.0,45.0,204.0,235.0,108.0,144.0,2.034841864682,49.0,1.0,1.0,0.0,1.0,0.0,HRposHER2neg,0.0,0.0,1.0,spy2,0,train
ACRIN-6698-924071,0,256.0,72.0,7.0,0.0,2.0,6.0,2.2,0.7031,9.0,23.0,139.0,221.0,112.0,175.0,2.950575082246,57.0,1.0,1.0,0.0,1.0,0.0,HRposHER2neg,0.0,0.0,1.0,spy2,0,train
ISPY2-598798,0,384.0,160.0,6.0,0.0,2.0,5.0,1.1000000238,0.9375,20.0,110.0,108.0,220.0,238.0,348.0,10.673437730934376,46.0,0.0,1.0,0.0,1.0,0.0,HRposHER2neg,0.0,0.0,1.0,spy2,0,train
ISPY2-231633,1,256.0,80.0,8.0,0.0,2.0,6.0,2.0,0.6445,40.0,59.0,31.0,157.0,54.0,146.0,25.311610914,53.0,1.0,1.0,0.0,0.0,0.0,TripleNeg,1.0,0.0,0.0,spy2,0,train
ISPY2-892390,1,256.0,252.0,7.0,0.0,2.0,6.0,0.800001,1.3281,29.0,93.0,97.0,162.0,44.0,92.0,30.833540804365832,59.0,1.0,1.0,0.0,0.0,0.0,TripleNeg,1.0,0.0,0.0,spy2,0,train
ISPY2-666715,0,256.0,134.0,6.0,0.0,2.0,5.0,1.2,0.7422,45.0,76.0,113.0,175.0,152.0,195.0,5.41386033552,32.0,0.0,1.0,0.0,1.0,0.0,HRposHER2neg,0.0,0.0,1.0,spy2,0,train
ACRIN-6698-241998,0,256.0,80.0,8.0,0.0,2.0,6.0,2.0,0.703125,32.0,61.0,95.0,157.0,41.0,110.0,4.16865234375,54.0,1.0,0.0,1.0,1.0,0.0,HRposHER2neg,0.0,0.0,1.0,spy2,0,train
ISPY2-960963,0,256.0,66.0,7.0,0.0,2.0,5.0,2.4,0.5469,28.0,45.0,109.0,198.0,71.0,139.0,14.323760683056005,56.0,1.0,1.0,0.0,1.0,1.0,HER2pos,0.0,1.0,0.0,spy2,0,train
Breast_MRI_577,1,448.0,160.0,4.0,0.0,1.0,3.0,2.0,0.75892859697342,5.0,48.0,299.0,368.0,358.0,424.0,,42.0,0.0,1.0,0.0,0.0,1.0,HER2pos,0.0,1.0,0.0,duke,0,train
